Compiler,ExportFunctions
wasm-bindgen,_ZNSt3__218__time_get_storageIwEC1EPKc
wasm-bindgen,_ZNSt3__219__shared_weak_countD0Ev
wasm-bindgen,_ZNKSt3__27collateIwE10do_compareEPKwS3_S3_S3_
wasm-bindgen,btRigidBody_applyImpulse
wasm-bindgen,_ZNKSt3__212basic_stringIcNS_11char_traitsIcEENS_9allocatorIcEEE12find_last_ofEPKcmm
wasm-bindgen,__udivsi3
wasm-bindgen,_ZNKSt3__210moneypunctIcLb1EE11do_groupingEv
wasm-bindgen,btKinematicCharacterController_setMaxSlope
wasm-bindgen,__fixunsdfsi
wasm-bindgen,_ZTv0_n12_NSt3__213basic_istreamIcNS_11char_traitsIcEEED1Ev
wasm-bindgen,_ZNKSt3__27codecvtIDsc11__mbstate_tE16do_always_noconvEv
wasm-bindgen,_ZNSt3__28ios_base4moveERS0_
wasm-bindgen,btQuaternion_y
wasm-bindgen,_ZNKSt3__217moneypunct_bynameIcLb1EE16do_thousands_sepEv
wasm-bindgen,__adddf3
wasm-bindgen,_ZNKSt3__215__codecvt_utf16IDsLb1EE13do_max_lengthEv
wasm-bindgen,_ZnwmSt11align_val_tRKSt9nothrow_t
wasm-bindgen,_ZNKSt3__214__codecvt_utf8IDiE6do_outER11__mbstate_tPKDiS5_RS5_PcS7_RS7_
wasm-bindgen,btCollisionObject_isActive
wasm-bindgen,_ZNSt3__28numpunctIwED1Ev
wasm-bindgen,_ZNKSt3__27num_getIcNS_19istreambuf_iteratorIcNS_11char_traitsIcEEEEE6do_getES4_S4_RNS_8ios_baseERjRy
wasm-bindgen,_ZNKSt3__214__codecvt_utf8IDiE11do_encodingEv
wasm-bindgen,_ZNKSt3__29money_getIwNS_19istreambuf_iteratorIwNS_11char_traitsIwEEEEE6do_getES4_S4_bRNS_8ios_baseERjRNS_12basic_stringIwS3_NS_9allocatorIwEEEE
wasm-bindgen,_ZNKSt3__217moneypunct_bynameIwLb0EE13do_pos_formatEv
wasm-bindgen,_ZNSt11logic_errorC2EPKc
wasm-bindgen,btManifoldPoint_get_m_normalWorldOnB
wasm-bindgen,_ZNSt3__27codecvtIwc11__mbstate_tEC2EPKcm
wasm-bindgen,_ZNSt3__28ios_base17register_callbackEPFvNS0_5eventERS0_iEi
wasm-bindgen,_ZNKSt3__220__time_get_c_storageIwE7__weeksEv
wasm-bindgen,_ZNSt3__27codecvtIDsc11__mbstate_tED2Ev
wasm-bindgen,AllHitsRayResultCallback_set_m_rayFromWorld
wasm-bindgen,_ZNKSt3__212ctype_bynameIwE10do_toupperEPwPKw
wasm-bindgen,_ZNSt3__26locale14__install_ctorERKS0_PNS0_5facetEl
wasm-bindgen,_ZNKSt3__27codecvtIcc11__mbstate_tE10do_unshiftERS1_PcS4_RS4_
wasm-bindgen,_ZNSt3__215basic_streambufIwNS_11char_traitsIwEEEC2Ev
wasm-bindgen,_ZNSt3__214collate_bynameIcEC1EPKcm
wasm-bindgen,_ZNSt3__218condition_variable10notify_allEv
wasm-bindgen,_ZNSt3__213basic_istreamIwNS_11char_traitsIwEEE3getERNS_15basic_streambufIwS2_EEw
wasm-bindgen,_ZNSt3__26__sortIRNS_6__lessIeeEEPeEEvT0_S5_T_
wasm-bindgen,_ZNSt3__26__sortIRNS_6__lessIaaEEPaEEvT0_S5_T_
wasm-bindgen,_ZNSt3__25mutex8try_lockEv
wasm-bindgen,_ZNKSt3__215__codecvt_utf16IDsLb0EE11do_encodingEv
wasm-bindgen,_ZNSt3__25ctypeIcEC1EPKmbm
wasm-bindgen,_ZNSt3__213basic_istreamIcNS_11char_traitsIcEEE3getEv
wasm-bindgen,_ZNSt3__24stodERKNS_12basic_stringIwNS_11char_traitsIwEENS_9allocatorIwEEEEPm
wasm-bindgen,_ZNSt3__212basic_stringIwNS_11char_traitsIwEENS_9allocatorIwEEE9push_backEw
wasm-bindgen,_ZNSt3__213basic_ostreamIwNS_11char_traitsIwEEE3putEw
wasm-bindgen,btGImpactMeshShape_create
wasm-bindgen,_ZNSt11logic_errorC2ERKNSt3__212basic_stringIcNS0_11char_traitsIcEENS0_9allocatorIcEEEE
wasm-bindgen,__floatsisf
wasm-bindgen,_ZNSt3__212system_errorC2EiRKNS_14error_categoryE
wasm-bindgen,__floatunsidf
wasm-bindgen,_ZNSt3__25ctypeIcEC2EPKmbm
wasm-bindgen,_ZNSt3__213basic_ostreamIcNS_11char_traitsIcEEED1Ev
wasm-bindgen,btConeShapeX_create
wasm-bindgen,_ZNKSt3__27codecvtIDsc11__mbstate_tE10do_unshiftERS1_PcS4_RS4_
wasm-bindgen,_ZNKSt3__212ctype_bynameIwE10do_scan_isEmPKwS3_
wasm-bindgen,btVector3_y
wasm-bindgen,btKinematicCharacterController_create
wasm-bindgen,btCollisionWorld_rayTest
wasm-bindgen,btCollisionObject_create
wasm-bindgen,_ZNSt3__212basic_stringIwNS_11char_traitsIwEENS_9allocatorIwEEE6insertEmmw
wasm-bindgen,btCollisionObject_setInterpolationAngularVelocity
wasm-bindgen,_ZNSt13runtime_erroraSERKS_
wasm-bindgen,_ZNSt3__216__narrow_to_utf8ILm16EED0Ev
wasm-bindgen,_ZNSt3__211__money_putIwE13__gather_infoEbbRKNS_6localeERNS_10money_base7patternERwS8_RNS_12basic_stringIcNS_11char_traitsIcEENS_9allocatorIcEEEERNS9_IwNSA_IwEENSC_IwEEEESJ_Ri
wasm-bindgen,__fixsfsi
wasm-bindgen,_ZNSt3__214__num_put_base14__format_floatEPcPKcj
wasm-bindgen,_ZNSt3__213basic_ostreamIwNS_11char_traitsIwEEED2Ev
wasm-bindgen,btPersistentManifold_getBody1
wasm-bindgen,_ZNSt3__28numpunctIcED1Ev
wasm-bindgen,_ZNSt3__212basic_stringIwNS_11char_traitsIwEENS_9allocatorIwEEE9__grow_byEmmmmmm
wasm-bindgen,btGImpactCollisionAlgorithm_RegisterAlgorithm
wasm-bindgen,_ZNKSt3__215__codecvt_utf16IDsLb0EE9do_lengthER11__mbstate_tPKcS5_m
wasm-bindgen,__ashldi3
wasm-bindgen,_ZNSt3__212basic_stringIcNS_11char_traitsIcEENS_9allocatorIcEEEC2ERKS5_
wasm-bindgen,__modti3
wasm-bindgen,_ZNSt3__29money_getIcNS_19istreambuf_iteratorIcNS_11char_traitsIcEEEEE8__do_getERS4_S4_bRKNS_6localeEjRjRbRKNS_5ctypeIcEERNS_10unique_ptrIcPFvPvEEERPcSM_
wasm-bindgen,_ZNSt3__211timed_mutex4lockEv
wasm-bindgen,_ZNSt3__212basic_stringIwNS_11char_traitsIwEENS_9allocatorIwEEEaSERKS5_
wasm-bindgen,_ZNSt3__212basic_stringIcNS_11char_traitsIcEENS_9allocatorIcEEE6assignEmc
wasm-bindgen,_ZNSt3__214codecvt_bynameIwc11__mbstate_tED0Ev
wasm-bindgen,_ZNKSt3__28time_getIwNS_19istreambuf_iteratorIwNS_11char_traitsIwEEEEE9__get_dayERiRS4_S4_RjRKNS_5ctypeIwEE
wasm-bindgen,_ZNSt12length_errorD2Ev
wasm-bindgen,_ZNSt3__218__time_get_storageIcEC1EPKc
wasm-bindgen,_ZNSt3__26__sortIRNS_6__lessIjjEEPjEEvT0_S5_T_
wasm-bindgen,match_count
wasm-bindgen,_ZNKSt3__210moneypunctIcLb0EE13do_neg_formatEv
wasm-bindgen,_ZNSt3__212basic_stringIcNS_11char_traitsIcEENS_9allocatorIcEEE5eraseEmm
wasm-bindgen,_ZNSt3__215basic_streambufIcNS_11char_traitsIcEEE6xsgetnEPcl
wasm-bindgen,_ZNKSt3__28time_getIcNS_19istreambuf_iteratorIcNS_11char_traitsIcEEEEE9__get_dayERiRS4_S4_RjRKNS_5ctypeIcEE
wasm-bindgen,_ZNSt3__212basic_stringIcNS_11char_traitsIcEENS_9allocatorIcEEED2Ev
wasm-bindgen,_ZNSt3__213basic_istreamIwNS_11char_traitsIwEEErsERm
wasm-bindgen,to_diagram_node
wasm-bindgen,_ZNSt3__221recursive_timed_mutexD2Ev
wasm-bindgen,_ZNSt3__215basic_streambufIcNS_11char_traitsIcEEEC2Ev
wasm-bindgen,btRigidBody_applyTorqueImpulse
wasm-bindgen,_ZNKSt3__220__codecvt_utf8_utf16IDiE5do_inER11__mbstate_tPKcS5_RS5_PDiS7_RS7_
wasm-bindgen,_ZNSt3__212system_errorD2Ev
wasm-bindgen,_ZNSt3__29money_getIwNS_19istreambuf_iteratorIwNS_11char_traitsIwEEEEE8__do_getERS4_S4_bRKNS_6localeEjRjRbRKNS_5ctypeIwEERNS_10unique_ptrIwPFvPvEEERPwSM_
wasm-bindgen,_ZNSt3__213basic_istreamIwNS_11char_traitsIwEEE7putbackEw
wasm-bindgen,_ZNKSt3__212ctype_bynameIwE10do_tolowerEPwPKw
wasm-bindgen,_ZNKSt3__212basic_stringIcNS_11char_traitsIcEENS_9allocatorIcEEE5rfindEPKcmm
wasm-bindgen,_ZNSt3__212basic_stringIwNS_11char_traitsIwEENS_9allocatorIwEEE6appendEPKwm
wasm-bindgen,_ZNSt3__213basic_istreamIcNS_11char_traitsIcEEED2Ev
wasm-bindgen,_ZNKSt3__25ctypeIcE8do_widenEc
wasm-bindgen,_ZNSt3__27codecvtIwc11__mbstate_tED2Ev
wasm-bindgen,__mulsf3
wasm-bindgen,AllConvexResultCallback_get_m_collisionObjects
wasm-bindgen,_ZNSt3__212ctype_bynameIcEC1ERKNS_12basic_stringIcNS_11char_traitsIcEENS_9allocatorIcEEEEm
wasm-bindgen,_ZNSt3__29to_stringEi
wasm-bindgen,_ZNKSt3__25ctypeIwE10do_toupperEw
wasm-bindgen,_ZNSt3__24stolERKNS_12basic_stringIcNS_11char_traitsIcEENS_9allocatorIcEEEEPmi
wasm-bindgen,_ZNSt11range_errorD2Ev
wasm-bindgen,my_main
wasm-bindgen,AllHitsRayResultCallback_set_m_rayToWorld
wasm-bindgen,_ZNSt3__29to_stringEl
wasm-bindgen,_ZNSt3__213basic_ostreamIwNS_11char_traitsIwEEE6sentryC2ERS3_
wasm-bindgen,_ZNKSt3__214__codecvt_utf8IwE11do_encodingEv
wasm-bindgen,_Znam
wasm-bindgen,__cxa_decrement_exception_refcount
wasm-bindgen,_ZNSt3__212system_errorC2ENS_10error_codeERKNS_12basic_stringIcNS_11char_traitsIcEENS_9allocatorIcEEEE
wasm-bindgen,_ZNSt3__213basic_istreamIcNS_11char_traitsIcEEErsERi
wasm-bindgen,_ZNSt3__211timed_mutexD1Ev
wasm-bindgen,__web_malloc
wasm-bindgen,_ZNSt3__29to_stringEe
wasm-bindgen,_ZNSt3__212basic_stringIcNS_11char_traitsIcEENS_9allocatorIcEEE7replaceEmmPKcm
wasm-bindgen,_ZNKSt3__210moneypunctIcLb1EE14do_frac_digitsEv
wasm-bindgen,_ZNSt3__212__next_primeEm
wasm-bindgen,_ZNKSt3__212basic_stringIcNS_11char_traitsIcEENS_9allocatorIcEEE13find_first_ofEPKcmm
wasm-bindgen,_ZNSt3__212basic_stringIcNS_11char_traitsIcEENS_9allocatorIcEEE6assignEPKc
wasm-bindgen,_ZNKSt3__212basic_stringIwNS_11char_traitsIwEENS_9allocatorIwEEE7compareEmmPKw
wasm-bindgen,_ZNKSt3__210moneypunctIcLb0EE16do_positive_signEv
wasm-bindgen,_ZNKSt3__28time_getIwNS_19istreambuf_iteratorIwNS_11char_traitsIwEEEEE11__get_year4ERiRS4_S4_RjRKNS_5ctypeIwEE
wasm-bindgen,_ZNKSt3__217moneypunct_bynameIcLb0EE16do_decimal_pointEv
wasm-bindgen,_ZNKSt3__212basic_stringIwNS_11char_traitsIwEENS_9allocatorIwEEE17find_first_not_ofEPKwmm
wasm-bindgen,_ZNSt3__212basic_stringIcNS_11char_traitsIcEENS_9allocatorIcEEE9push_backEc
wasm-bindgen,btRigidBody_create
wasm-bindgen,_ZNSt3__212basic_stringIcNS_11char_traitsIcEENS_9allocatorIcEEE6insertEmPKcm
wasm-bindgen,_ZNSt3__212basic_stringIwNS_11char_traitsIwEENS_9allocatorIwEEE7replaceEmmmw
wasm-bindgen,_ZNSt3__215basic_streambufIwNS_11char_traitsIwEEED2Ev
wasm-bindgen,_ZNKSt3__27codecvtIcc11__mbstate_tE13do_max_lengthEv
wasm-bindgen,_ZNSt3__26localeaSERKS0_
wasm-bindgen,_ZNKSt3__210moneypunctIcLb0EE16do_decimal_pointEv
wasm-bindgen,__udivti3
wasm-bindgen,btQuaternion_w
wasm-bindgen,_ZNSt3__227__insertion_sort_incompleteIRNS_6__lessIjjEEPjEEbT0_S5_T_
wasm-bindgen,_ZNSt3__217__assoc_sub_state12__make_readyEv
wasm-bindgen,_ZNKSt3__25ctypeIcE10do_tolowerEc
wasm-bindgen,_ZNKSt3__212basic_stringIwNS_11char_traitsIwEENS_9allocatorIwEEE4findEwm
wasm-bindgen,_ZNSt3__26stoullERKNS_12basic_stringIwNS_11char_traitsIwEENS_9allocatorIwEEEEPmi
wasm-bindgen,_ZNKSt13bad_exception4whatEv
wasm-bindgen,AllHitsRayResultCallback_get_m_hitFractions
wasm-bindgen,ClosestRayResultCallback_get_m_hitNormalWorld
wasm-bindgen,_ZNKSt3__220__codecvt_utf8_utf16IwE6do_outER11__mbstate_tPKwS5_RS5_PcS7_RS7_
wasm-bindgen,_ZNSt3__213basic_istreamIwNS_11char_traitsIwEEE3getEv
wasm-bindgen,_ZNKSt3__28time_getIwNS_19istreambuf_iteratorIwNS_11char_traitsIwEEEEE11do_get_dateES4_S4_RNS_8ios_baseERjP2tm
wasm-bindgen,_ZNSt3__25stoldERKNS_12basic_stringIcNS_11char_traitsIcEENS_9allocatorIcEEEEPm
wasm-bindgen,_ZNSt3__26__sortIRNS_6__lessIhhEEPhEEvT0_S5_T_
wasm-bindgen,_ZNSt3__27promiseIvE9set_valueEv
wasm-bindgen,_ZNSt3__213basic_ostreamIcNS_11char_traitsIcEEE6sentryD2Ev
wasm-bindgen,_ZNSt3__216__check_groupingERKNS_12basic_stringIcNS_11char_traitsIcEENS_9allocatorIcEEEEPjS8_Rj
wasm-bindgen,_ZdlPvm
wasm-bindgen,_ZNKSt9exception4whatEv
wasm-bindgen,_ZNKSt3__220__codecvt_utf8_utf16IwE13do_max_lengthEv
wasm-bindgen,_ZNSt3__25ctypeIwED1Ev
wasm-bindgen,_ZNSt3__213basic_istreamIcNS_11char_traitsIcEEErsERt
wasm-bindgen,_ZNSt3__213basic_istreamIwNS_11char_traitsIwEEE6ignoreEli
wasm-bindgen,btRigidBody_setFlags
wasm-bindgen,_ZNSt3__215recursive_mutex4lockEv
wasm-bindgen,_ZNSt3__28ios_baseD2Ev
wasm-bindgen,_ZNKSt3__28numpunctIcE12do_falsenameEv
wasm-bindgen,btKinematicCharacterController_onGround
wasm-bindgen,_ZNSt3__217__widen_from_utf8ILm32EED0Ev
wasm-bindgen,_ZSt13set_terminatePFvvE
wasm-bindgen,_ZNSt3__217__assoc_sub_state10__sub_waitERNS_11unique_lockINS_5mutexEEE
wasm-bindgen,_ZNSt3__227__insertion_sort_incompleteIRNS_6__lessIddEEPdEEbT0_S5_T_
wasm-bindgen,__cxa_guard_release
wasm-bindgen,_ZNSt3__26locale7classicEv
wasm-bindgen,_ZSt9terminatev
wasm-bindgen,_ZNKSt3__217moneypunct_bynameIwLb1EE13do_pos_formatEv
wasm-bindgen,_ZNSt3__211__money_putIcE8__formatEPcRS2_S3_jPKcS5_RKNS_5ctypeIcEEbRKNS_10money_base7patternEccRKNS_12basic_stringIcNS_11char_traitsIcEENS_9allocatorIcEEEESL_SL_i
wasm-bindgen,__fixunssfti
wasm-bindgen,ClosestRayResultCallback_create
wasm-bindgen,_ZNSt3__210__time_putC1EPKc
wasm-bindgen,btRigidBody_updateInertiaTensor
wasm-bindgen,_ZNKSt3__28messagesIwE6do_getEliiRKNS_12basic_stringIwNS_11char_traitsIwEENS_9allocatorIwEEEE
wasm-bindgen,_ZNSt3__213basic_ostreamIwNS_11char_traitsIwEEElsEy
wasm-bindgen,_ZNSt3__26localeC1ERKS0_S2_i
wasm-bindgen,_ZNKSt3__27num_getIcNS_19istreambuf_iteratorIcNS_11char_traitsIcEEEEE6do_getES4_S4_RNS_8ios_baseERjRe
wasm-bindgen,_ZNSt3__28ios_base5imbueERKNS_6localeE
wasm-bindgen,_ZNSt3__26locale8__globalEv
wasm-bindgen,_ZNSt3__217__assoc_sub_state9__executeEv
wasm-bindgen,_ZNSt3__213basic_istreamIcNS_11char_traitsIcEEE4peekEv
wasm-bindgen,version_info
wasm-bindgen,_ZNKSt3__27collateIcE12do_transformEPKcS3_
wasm-bindgen,_ZNSt3__213basic_ostreamIwNS_11char_traitsIwEEED1Ev
wasm-bindgen,_ZNSt3__27collateIcED0Ev
wasm-bindgen,_ZNSt3__212ctype_bynameIwEC2ERKNS_12basic_stringIcNS_11char_traitsIcEENS_9allocatorIcEEEEm
wasm-bindgen,_ZNKSt20bad_array_new_length4whatEv
wasm-bindgen,_ZNSt3__210__time_putD2Ev
wasm-bindgen,_ZNSt3__221recursive_timed_mutexC1Ev
wasm-bindgen,_ZNSt3__212basic_stringIwNS_11char_traitsIwEENS_9allocatorIwEEE2atEm
wasm-bindgen,_ZNKSt3__217moneypunct_bynameIwLb1EE16do_positive_signEv
wasm-bindgen,_ZSt15set_new_handlerPFvvE
wasm-bindgen,_ZNSt3__28numpunctIcEC2Em
wasm-bindgen,btDbvtBroadphase_create
wasm-bindgen,btCylinderShapeZ_create
wasm-bindgen,_ZNSt3__214codecvt_bynameIcc11__mbstate_tED2Ev
wasm-bindgen,btStridingMeshInterface_destroy
wasm-bindgen,_ZNKSt3__28time_getIcNS_19istreambuf_iteratorIcNS_11char_traitsIcEEEEE13do_date_orderEv
wasm-bindgen,btCollisionWorld_getDispatchInfo
wasm-bindgen,tVector3Array_at
wasm-bindgen,btDynamicsWorld_removeAction
wasm-bindgen,_ZNKSt3__27num_getIwNS_19istreambuf_iteratorIwNS_11char_traitsIwEEEEE6do_getES4_S4_RNS_8ios_baseERjRd
wasm-bindgen,_ZNSt3__213basic_istreamIwNS_11char_traitsIwEEE4readEPwl
wasm-bindgen,_ZNSt20bad_array_new_lengthC1Ev
wasm-bindgen,_ZNSt3__212basic_stringIwNS_11char_traitsIwEENS_9allocatorIwEEE6assignEmw
wasm-bindgen,btDbvtBroadphase_getOverlappingPairCache
wasm-bindgen,_ZNKSt3__210moneypunctIwLb1EE16do_positive_signEv
wasm-bindgen,btCollisionObject_getCcdSweptSphereRadius
wasm-bindgen,_ZNSt3__27codecvtIwc11__mbstate_tEC1Em
wasm-bindgen,_ZNSt20bad_array_new_lengthD2Ev
wasm-bindgen,_ZNSt3__213basic_ostreamIcNS_11char_traitsIcEEED2Ev
wasm-bindgen,_ZNSt3__26thread4joinEv
wasm-bindgen,_ZNSt3__212basic_stringIcNS_11char_traitsIcEENS_9allocatorIcEEEC1ERKS5_mmRKS4_
wasm-bindgen,_ZNSt11logic_errorD0Ev
wasm-bindgen,__fixunsdfti
wasm-bindgen,_ZNSt3__28__sp_mut6unlockEv
wasm-bindgen,_ZNKSt3__28time_getIwNS_19istreambuf_iteratorIwNS_11char_traitsIwEEEEE18__get_day_year_numERiRS4_S4_RjRKNS_5ctypeIwEE
wasm-bindgen,_ZNSt3__212ctype_bynameIwEC1EPKcm
wasm-bindgen,_ZNSt3__25stoldERKNS_12basic_stringIwNS_11char_traitsIwEENS_9allocatorIwEEEEPm
wasm-bindgen,apphandle_new
wasm-bindgen,_ZNKSt3__215__codecvt_utf16IDsLb1EE5do_inER11__mbstate_tPKcS5_RS5_PDsS7_RS7_
wasm-bindgen,_ZNSt3__212ctype_bynameIwED0Ev
wasm-bindgen,_ZNSt3__221recursive_timed_mutex6unlockEv
wasm-bindgen,btGImpactShapeInterface_updateBound
wasm-bindgen,_ZNKSt3__210moneypunctIwLb0EE16do_negative_signEv
wasm-bindgen,_ZNKSt3__27num_getIwNS_19istreambuf_iteratorIwNS_11char_traitsIwEEEEE6do_getES4_S4_RNS_8ios_baseERjRf
wasm-bindgen,_ZNKSt3__214__codecvt_utf8IDiE16do_always_noconvEv
wasm-bindgen,__cxa_rethrow_primary_exception
wasm-bindgen,_ZNKSt3__217moneypunct_bynameIcLb1EE16do_negative_signEv
wasm-bindgen,__mulosi4
wasm-bindgen,_ZNSt3__210to_wstringEf
wasm-bindgen,_ZNKSt3__214__codecvt_utf8IDiE9do_lengthER11__mbstate_tPKcS5_m
wasm-bindgen,btConeShape_create
wasm-bindgen,_ZNSt3__24stofERKNS_12basic_stringIcNS_11char_traitsIcEENS_9allocatorIcEEEEPm
wasm-bindgen,_ZNKSt3__217moneypunct_bynameIwLb0EE14do_curr_symbolEv
wasm-bindgen,_ZNKSt3__28time_putIwNS_19ostreambuf_iteratorIwNS_11char_traitsIwEEEEE6do_putES4_RNS_8ios_baseEwPK2tmcc
wasm-bindgen,_ZNSt3__212ctype_bynameIcED2Ev
wasm-bindgen,_ZNKSt3__217moneypunct_bynameIcLb0EE16do_thousands_sepEv
wasm-bindgen,_ZNKSt3__212bad_weak_ptr4whatEv
wasm-bindgen,_ZNSt13runtime_errorC1ERKNSt3__212basic_stringIcNS0_11char_traitsIcEENS0_9allocatorIcEEEE
wasm-bindgen,__umoddi3
wasm-bindgen,_ZNSt3__28ios_baseD0Ev
wasm-bindgen,_ZNKSt3__27codecvtIDsc11__mbstate_tE13do_max_lengthEv
wasm-bindgen,_ZNSt3__26localeC1Ev
wasm-bindgen,_ZNSt3__213basic_ostreamIwNS_11char_traitsIwEEElsEf
wasm-bindgen,_ZNSt3__28ios_base7failureD1Ev
wasm-bindgen,_ZNSt3__215__thread_struct25notify_all_at_thread_exitEPNS_18condition_variableEPNS_5mutexE
wasm-bindgen,_ZNSt3__24stofERKNS_12basic_stringIwNS_11char_traitsIwEENS_9allocatorIwEEEEPm
wasm-bindgen,layaMotionState_set_rigidBodyID
wasm-bindgen,btKinematicCharacterController_setUp
wasm-bindgen,__web_free
wasm-bindgen,_ZNKSt3__220__codecvt_utf8_utf16IDsE16do_always_noconvEv
wasm-bindgen,_ZNSt3__214__num_put_base12__format_intEPcPKcbj
wasm-bindgen,_ZNSt15underflow_errorD0Ev
wasm-bindgen,_ZNKSt3__28time_getIcNS_19istreambuf_iteratorIcNS_11char_traitsIcEEEEE10__get_hourERiRS4_S4_RjRKNS_5ctypeIcEE
wasm-bindgen,_ZNKSt3__215__codecvt_utf16IDiLb1EE11do_encodingEv
wasm-bindgen,_ZNSt3__212basic_stringIcNS_11char_traitsIcEENS_9allocatorIcEEE6insertEmRKS5_mm
wasm-bindgen,_ZNSt3__29basic_iosIcNS_11char_traitsIcEEE7copyfmtERKS3_
wasm-bindgen,_ZNSt3__213basic_ostreamIcNS_11char_traitsIcEEE6sentryC2ERS3_
wasm-bindgen,_ZNSt3__29to_stringEf
wasm-bindgen,jsrulesets_remove_ruleset
wasm-bindgen,btCollisionShape_setLocalScaling
wasm-bindgen,_ZNKSt3__27num_putIcNS_19ostreambuf_iteratorIcNS_11char_traitsIcEEEEE6do_putES4_RNS_8ios_baseEcd
wasm-bindgen,btManifoldPoint_get_m_positionWorldOnA
wasm-bindgen,_ZNKSt3__27codecvtIwc11__mbstate_tE11do_encodingEv
wasm-bindgen,_ZNSt3__213basic_istreamIcNS_11char_traitsIcEEE7getlineEPclc
wasm-bindgen,__modsi3
wasm-bindgen,_ZNSt3__213basic_istreamIcNS_11char_traitsIcEEE5seekgENS_4fposI11__mbstate_tEE
wasm-bindgen,_ZTv0_n12_NSt3__213basic_ostreamIwNS_11char_traitsIwEEED1Ev
wasm-bindgen,_ZNSt3__28ios_base7failureC2ERKNS_12basic_stringIcNS_11char_traitsIcEENS_9allocatorIcEEEERKNS_10error_codeE
wasm-bindgen,_ZNSt3__29__num_getIcE19__stage2_float_loopEcRbRcPcRS4_ccRKNS_12basic_stringIcNS_11char_traitsIcEENS_9allocatorIcEEEEPjRSE_RjS4_
wasm-bindgen,_ZNSt3__218__time_get_storageIwEC1ERKNS_12basic_stringIcNS_11char_traitsIcEENS_9allocatorIcEEEE
wasm-bindgen,_ZNSt3__26thread6detachEv
wasm-bindgen,_ZNSt3__218__time_get_storageIwEC2EPKc
wasm-bindgen,_ZNKSt3__220__time_get_c_storageIcE8__monthsEv
wasm-bindgen,_ZNKSt3__220__codecvt_utf8_utf16IDiE9do_lengthER11__mbstate_tPKcS5_m
wasm-bindgen,_ZNSt3__29basic_iosIwNS_11char_traitsIwEEED0Ev
wasm-bindgen,_ZNKSt3__29__num_getIcE10__do_widenERNS_8ios_baseEPc
wasm-bindgen,_ZNSt3__210__time_getD1Ev
wasm-bindgen,_ZNSt3__213basic_ostreamIwNS_11char_traitsIwEEElsEt
wasm-bindgen,_ZNSt3__213basic_ostreamIcNS_11char_traitsIcEEElsEe
wasm-bindgen,_ZNSt3__217__widen_from_utf8ILm16EED2Ev
wasm-bindgen,btQuaternion_create
wasm-bindgen,_ZNSt3__26locale5facetD0Ev
wasm-bindgen,_ZNKSt3__212ctype_bynameIwE8do_widenEc
wasm-bindgen,_ZNSt3__214codecvt_bynameIDsc11__mbstate_tED1Ev
wasm-bindgen,__wbg_apphandle_free
wasm-bindgen,_ZNKSt3__217moneypunct_bynameIwLb1EE16do_thousands_sepEv
wasm-bindgen,_ZNSt3__27codecvtIwc11__mbstate_tED0Ev
wasm-bindgen,_ZNKSt3__215__codecvt_utf16IDiLb1EE10do_unshiftER11__mbstate_tPcS4_RS4_
wasm-bindgen,_ZNSt3__212__rs_defaultD1Ev
wasm-bindgen,_ZNKSt3__212basic_stringIcNS_11char_traitsIcEENS_9allocatorIcEEE16find_last_not_ofEPKcmm
wasm-bindgen,btRigidBody_clearForces
wasm-bindgen,__subdf3
wasm-bindgen,AllConvexResultCallback_get_m_hitNormalWorld
wasm-bindgen,_ZNSt3__213basic_istreamIwNS_11char_traitsIwEEE5ungetEv
wasm-bindgen,_ZNSt3__213basic_istreamIcNS_11char_traitsIcEEE6sentryC1ERS3_b
wasm-bindgen,__powidf2
wasm-bindgen,_ZNKSt3__214error_category10equivalentERKNS_10error_codeEi
wasm-bindgen,_ZNSt3__210__time_putD1Ev
wasm-bindgen,_ZdlPvmSt11align_val_t
wasm-bindgen,_ZNSt3__214error_categoryD1Ev
wasm-bindgen,_ZNSt3__213basic_istreamIwNS_11char_traitsIwEEErsERl
wasm-bindgen,__udivmodti4
wasm-bindgen,_ZNSt3__214collate_bynameIwED1Ev
wasm-bindgen,_ZNSt10bad_typeidC1Ev
wasm-bindgen,_ZNSt3__212ctype_bynameIwED2Ev
wasm-bindgen,_ZNSt3__213basic_istreamIcNS_11char_traitsIcEEErsERx
wasm-bindgen,_ZNSt3__215recursive_mutexC2Ev
wasm-bindgen,_ZNSt3__27codecvtIDic11__mbstate_tED2Ev
wasm-bindgen,_ZNSt3__29basic_iosIwNS_11char_traitsIwEEED1Ev
wasm-bindgen,_ZNKSt3__217moneypunct_bynameIwLb0EE16do_thousands_sepEv
wasm-bindgen,_ZNSt13runtime_errorD1Ev
wasm-bindgen,_ZNKSt3__25ctypeIwE5do_isEmw
wasm-bindgen,_ZNKSt3__212basic_stringIcNS_11char_traitsIcEENS_9allocatorIcEEE2atEm
wasm-bindgen,__multi3
wasm-bindgen,_ZNSt3__215basic_streambufIcNS_11char_traitsIcEEE4syncEv
wasm-bindgen,_ZNSt3__26localeC1EPKc
wasm-bindgen,_ZNSt3__215numpunct_bynameIwEC1ERKNS_12basic_stringIcNS_11char_traitsIcEENS_9allocatorIcEEEEm
wasm-bindgen,_ZNSt12length_errorD0Ev
wasm-bindgen,_ZNSt14overflow_errorD1Ev
wasm-bindgen,_ZNSt3__212basic_stringIcNS_11char_traitsIcEENS_9allocatorIcEEE6appendERKS5_mm
wasm-bindgen,btRigidBody_applyTorque
wasm-bindgen,_ZNKSt3__25ctypeIwE5do_isEPKwS3_Pm
wasm-bindgen,_ZNSt3__26localeC2Ev
wasm-bindgen,btRigidBodyConstructionInfo_destroy
wasm-bindgen,_ZNSt3__227__insertion_sort_incompleteIRNS_6__lessIwwEEPwEEbT0_S5_T_
wasm-bindgen,_ZNKSt3__210moneypunctIwLb0EE13do_pos_formatEv
wasm-bindgen,_ZNKSt3__220__codecvt_utf8_utf16IwE9do_lengthER11__mbstate_tPKcS5_m
wasm-bindgen,_ZNKSt3__29money_putIcNS_19ostreambuf_iteratorIcNS_11char_traitsIcEEEEE6do_putES4_bRNS_8ios_baseEcRKNS_12basic_stringIcS3_NS_9allocatorIcEEEE
wasm-bindgen,btTransform_setRotation
wasm-bindgen,_ZNSt3__214error_categoryD0Ev
wasm-bindgen,_ZNKSt3__27codecvtIDic11__mbstate_tE16do_always_noconvEv
wasm-bindgen,_ZNKSt3__212ctype_bynameIcE10do_tolowerEc
wasm-bindgen,_ZNKSt3__214__codecvt_utf8IDiE13do_max_lengthEv
wasm-bindgen,_ZNKSt3__28messagesIcE7do_openERKNS_12basic_stringIcNS_11char_traitsIcEENS_9allocatorIcEEEERKNS_6localeE
wasm-bindgen,_ZNSt3__213basic_ostreamIcNS_11char_traitsIcEEE6sentryD1Ev
wasm-bindgen,_ZNSt10bad_typeidD0Ev
wasm-bindgen,__addsf3
wasm-bindgen,_ZNKSt3__220__time_get_c_storageIcE7__weeksEv
wasm-bindgen,btCollisionObject_setCcdSweptSphereRadius
wasm-bindgen,_ZNKSt3__220__codecvt_utf8_utf16IDsE5do_inER11__mbstate_tPKcS5_RS5_PDsS7_RS7_
wasm-bindgen,_ZNKSt3__25ctypeIcE9do_narrowEcc
wasm-bindgen,_ZNSt8bad_castC2Ev
wasm-bindgen,tBtCollisionObjectArray_at
wasm-bindgen,_ZNKSt3__210moneypunctIcLb0EE14do_frac_digitsEv
wasm-bindgen,generated_location_for
wasm-bindgen,_ZNSt3__212ctype_bynameIwED1Ev
wasm-bindgen,__divsi3
wasm-bindgen,_ZNKSt3__215__codecvt_utf16IwLb0EE13do_max_lengthEv
wasm-bindgen,_ZNKSt3__212ctype_bynameIwE9do_narrowEPKwS3_cPc
wasm-bindgen,_ZNSt9type_infoD2Ev
wasm-bindgen,_ZNSt10bad_typeidD1Ev
wasm-bindgen,btKinematicCharacterController_setFallSpeed
wasm-bindgen,_ZNSt3__26localeC1ERKS0_RKNS_12basic_stringIcNS_11char_traitsIcEENS_9allocatorIcEEEEi
wasm-bindgen,_ZNKSt3__28time_getIwNS_19istreambuf_iteratorIwNS_11char_traitsIwEEEEE11do_get_yearES4_S4_RNS_8ios_baseERjP2tm
wasm-bindgen,dispose_pattern
wasm-bindgen,_ZNKSt3__28time_getIcNS_19istreambuf_iteratorIcNS_11char_traitsIcEEEEE11do_get_dateES4_S4_RNS_8ios_baseERjP2tm
wasm-bindgen,_ZNKSt3__210moneypunctIwLb1EE11do_groupingEv
wasm-bindgen,_ZNKSt3__215__codecvt_utf16IDsLb1EE11do_encodingEv
wasm-bindgen,_ZNSt3__215__thread_struct27__make_ready_at_thread_exitEPNS_17__assoc_sub_stateE
wasm-bindgen,_ZNSt3__212system_errorC2ENS_10error_codeE
wasm-bindgen,__fixunssfdi
wasm-bindgen,btVector3_setValue
wasm-bindgen,jsrulesets_new
wasm-bindgen,_ZNKSt3__27num_putIcNS_19ostreambuf_iteratorIcNS_11char_traitsIcEEEEE6do_putES4_RNS_8ios_baseEcl
wasm-bindgen,__floatuntidf
wasm-bindgen,_ZNKSt10bad_typeid4whatEv
wasm-bindgen,_ZNSt3__217iostream_categoryEv
wasm-bindgen,_ZNKSt3__220__time_get_c_storageIwE3__XEv
wasm-bindgen,_ZNKSt3__220__codecvt_utf8_utf16IDiE13do_max_lengthEv
wasm-bindgen,_ZNKSt3__27num_getIwNS_19istreambuf_iteratorIwNS_11char_traitsIwEEEEE6do_getES4_S4_RNS_8ios_baseERjRx
wasm-bindgen,btKinematicCharacterController_setStepHeight
wasm-bindgen,_ZNSt12out_of_rangeD0Ev
wasm-bindgen,_ZNKSt3__215__codecvt_utf16IwLb0EE5do_inER11__mbstate_tPKcS5_RS5_PwS7_RS7_
wasm-bindgen,_ZNKSt3__212basic_stringIcNS_11char_traitsIcEENS_9allocatorIcEEE7compareEmmRKS5_mm
wasm-bindgen,_ZNKSt3__215__codecvt_utf16IDsLb0EE10do_unshiftER11__mbstate_tPcS4_RS4_
wasm-bindgen,_ZNSt3__227__insertion_sort_incompleteIRNS_6__lessIffEEPfEEbT0_S5_T_
wasm-bindgen,_ZNKSt3__218__time_get_storageIwE15__do_date_orderEv
wasm-bindgen,__udivmoddi4
wasm-bindgen,_ZNSt3__215numpunct_bynameIwE6__initEPKc
wasm-bindgen,_ZNKSt3__220__vector_base_commonILb1EE20__throw_out_of_rangeEv
wasm-bindgen,_ZNKSt3__215__codecvt_utf16IDiLb1EE9do_lengthER11__mbstate_tPKcS5_m
wasm-bindgen,_ZNSt3__212system_errorC1EiRKNS_14error_categoryERKNS_12basic_stringIcNS_11char_traitsIcEENS_9allocatorIcEEEE
wasm-bindgen,_ZNSt3__26localeC2ERKS0_S2_i
wasm-bindgen,_ZNSt3__212basic_stringIwNS_11char_traitsIwEENS_9allocatorIwEEE6insertEmPKw
wasm-bindgen,_ZNSt3__220__throw_system_errorEiPKc
wasm-bindgen,_ZNSt3__210to_wstringEx
wasm-bindgen,_ZNKSt3__27num_getIcNS_19istreambuf_iteratorIcNS_11char_traitsIcEEEEE6do_getES4_S4_RNS_8ios_baseERjRx
wasm-bindgen,_ZNSt3__214__num_put_base18__identify_paddingEPcS1_RKNS_8ios_baseE
wasm-bindgen,_ZNSt3__212basic_stringIcNS_11char_traitsIcEENS_9allocatorIcEEE6appendEPKc
wasm-bindgen,btQuaternion_setValue
wasm-bindgen,_ZNSt3__212basic_stringIcNS_11char_traitsIcEENS_9allocatorIcEEE7replaceEmmPKc
wasm-bindgen,_ZSt14set_unexpectedPFvvE
wasm-bindgen,_ZNSt3__27promiseIvED2Ev
wasm-bindgen,_ZNKSt3__28time_getIwNS_19istreambuf_iteratorIwNS_11char_traitsIwEEEEE10__get_yearERiRS4_S4_RjRKNS_5ctypeIwEE
wasm-bindgen,jsrulesets_count_targets
wasm-bindgen,_ZNKSt3__212basic_stringIwNS_11char_traitsIwEENS_9allocatorIwEEE5rfindEPKwmm
wasm-bindgen,_ZNSt3__227__insertion_sort_incompleteIRNS_6__lessIccEEPcEEbT0_S5_T_
wasm-bindgen,btCompoundShape_removeChildShapeByIndex
wasm-bindgen,_ZNSt3__215basic_streambufIwNS_11char_traitsIwEEED1Ev
wasm-bindgen,btCompoundShape_updateChildTransform
wasm-bindgen,_ZNSt3__218__time_get_storageIwE9__analyzeEcRKNS_5ctypeIwEE
wasm-bindgen,_ZNKSt3__217moneypunct_bynameIwLb1EE16do_negative_signEv
wasm-bindgen,_ZNSt3__215basic_streambufIwNS_11char_traitsIwEEEC1Ev
wasm-bindgen,btVector3_create
wasm-bindgen,btCollisionObject_setInterpolationWorldTransform
wasm-bindgen,btDefaultCollisionConfiguration_create
wasm-bindgen,_ZNKSt3__27codecvtIDic11__mbstate_tE5do_inERS1_PKcS5_RS5_PDiS7_RS7_
wasm-bindgen,_ZNSt9type_infoD1Ev
wasm-bindgen,_ZNKSt3__28time_getIcNS_19istreambuf_iteratorIcNS_11char_traitsIcEEEEE14do_get_weekdayES4_S4_RNS_8ios_baseERjP2tm
wasm-bindgen,_ZNKSt3__28time_getIcNS_19istreambuf_iteratorIcNS_11char_traitsIcEEEEE10__get_yearERiRS4_S4_RjRKNS_5ctypeIcEE
wasm-bindgen,_ZNKSt3__27num_putIwNS_19ostreambuf_iteratorIwNS_11char_traitsIwEEEEE6do_putES4_RNS_8ios_baseEwx
wasm-bindgen,_ZNKSt3__220__time_get_c_storageIcE3__cEv
wasm-bindgen,_ZTv0_n12_NSt3__213basic_istreamIwNS_11char_traitsIwEEED0Ev
wasm-bindgen,_ZNKSt3__27num_putIcNS_19ostreambuf_iteratorIcNS_11char_traitsIcEEEEE6do_putES4_RNS_8ios_baseEcm
wasm-bindgen,_ZNKSt3__212ctype_bynameIcE10do_toupperEc
wasm-bindgen,event_loop_cb
wasm-bindgen,_ZNKSt3__29__num_getIwE10__do_widenERNS_8ios_baseEPw
wasm-bindgen,_ZdaPvSt11align_val_t
wasm-bindgen,_ZNKSt3__215__codecvt_utf16IDiLb0EE10do_unshiftER11__mbstate_tPcS4_RS4_
wasm-bindgen,_ZNSt3__217declare_reachableEPv
wasm-bindgen,_ZNSt3__215numpunct_bynameIcEC2ERKNS_12basic_stringIcNS_11char_traitsIcEENS_9allocatorIcEEEEm
wasm-bindgen,_ZNSt3__28__rs_getEv
wasm-bindgen,_ZNKSt3__217moneypunct_bynameIcLb0EE14do_curr_symbolEv
wasm-bindgen,AllHitsRayResultCallback_get_m_rayFromWorld
wasm-bindgen,_ZNSt3__215recursive_mutexD1Ev
wasm-bindgen,_ZNKSt3__212basic_stringIcNS_11char_traitsIcEENS_9allocatorIcEEE7compareEmmPKcm
wasm-bindgen,_ZNKSt3__28time_getIcNS_19istreambuf_iteratorIcNS_11char_traitsIcEEEEE13__get_percentERS4_S4_RjRKNS_5ctypeIcEE
wasm-bindgen,_ZnamSt11align_val_tRKSt9nothrow_t
wasm-bindgen,_ZNKSt3__28time_getIcNS_19istreambuf_iteratorIcNS_11char_traitsIcEEEEE17__get_white_spaceERS4_S4_RjRKNS_5ctypeIcEE
wasm-bindgen,_ZNSt3__212basic_stringIwNS_11char_traitsIwEENS_9allocatorIwEEE6insertENS_11__wrap_iterIPKwEEw
wasm-bindgen,_ZNSt3__210__time_getC1EPKc
wasm-bindgen,_ZNSt3__26__clocEv
wasm-bindgen,_ZNKSt3__214collate_bynameIcE10do_compareEPKcS3_S3_S3_
wasm-bindgen,tScalarArray_at
wasm-bindgen,_ZNKSt3__214__codecvt_utf8IDsE6do_outER11__mbstate_tPKDsS5_RS5_PcS7_RS7_
wasm-bindgen,_ZNSt13runtime_errorD0Ev
wasm-bindgen,_ZNKSt3__220__codecvt_utf8_utf16IwE10do_unshiftER11__mbstate_tPcS4_RS4_
wasm-bindgen,_ZNSt13runtime_errorD2Ev
wasm-bindgen,_ZNKSt3__212ctype_bynameIwE5do_isEmw
wasm-bindgen,_ZNSt12domain_errorD0Ev
wasm-bindgen,_ZNKSt3__214__codecvt_utf8IDsE9do_lengthER11__mbstate_tPKcS5_m
wasm-bindgen,btCollisionDispatcher_create
wasm-bindgen,_ZNSt3__210__time_getC1ERKNS_12basic_stringIcNS_11char_traitsIcEENS_9allocatorIcEEEE
wasm-bindgen,_ZNSt3__26futureIvEC2EPNS_17__assoc_sub_stateE
wasm-bindgen,_ZNSt3__215basic_streambufIcNS_11char_traitsIcEEE8overflowEi
wasm-bindgen,RayResultCallback_set_m_collisionFilterGroup
wasm-bindgen,_ZNKSt3__28numpunctIwE16do_thousands_sepEv
wasm-bindgen,_ZNSt16invalid_argumentD1Ev
wasm-bindgen,_ZNKSt3__215error_condition7messageEv
wasm-bindgen,_ZNSt3__215basic_streambufIwNS_11char_traitsIwEEE6xsputnEPKwl
wasm-bindgen,_ZNSt3__212basic_stringIwNS_11char_traitsIwEENS_9allocatorIwEEEC2ERKS5_
wasm-bindgen,_ZNSt3__27promiseIvE24set_value_at_thread_exitEv
wasm-bindgen,_ZNKSt3__215__codecvt_utf16IDiLb1EE5do_inER11__mbstate_tPKcS5_RS5_PDiS7_RS7_
wasm-bindgen,_ZNSt3__212basic_stringIcNS_11char_traitsIcEENS_9allocatorIcEEE6insertEmPKc
wasm-bindgen,_ZNSt3__213basic_ostreamIcNS_11char_traitsIcEEElsEm
wasm-bindgen,_ZTv0_n12_NSt3__213basic_ostreamIcNS_11char_traitsIcEEED0Ev
wasm-bindgen,_ZNSt3__214collate_bynameIcED1Ev
wasm-bindgen,_ZNSt3__29basic_iosIcNS_11char_traitsIcEEED1Ev
wasm-bindgen,_ZNKSt3__214__codecvt_utf8IDsE13do_max_lengthEv
wasm-bindgen,btGhostPairCallback_create
wasm-bindgen,_ZNSt12length_errorD1Ev
wasm-bindgen,_ZNKSt3__28time_getIwNS_19istreambuf_iteratorIwNS_11char_traitsIwEEEEE16do_get_monthnameES4_S4_RNS_8ios_baseERjP2tm
wasm-bindgen,btCollisionObject_setCollisionFlags
wasm-bindgen,_ZNSt3__2plIcNS_11char_traitsIcEENS_9allocatorIcEEEENS_12basic_stringIT_T0_T1_EEPKS6_RKS9_
wasm-bindgen,_ZNSt3__26localeC2ERKS0_PKci
wasm-bindgen,_ZNSt3__214collate_bynameIwED0Ev
wasm-bindgen,_ZNSt3__28ios_base7failureC2EPKcRKNS_10error_codeE
wasm-bindgen,_ZNKSt3__29money_putIcNS_19ostreambuf_iteratorIcNS_11char_traitsIcEEEEE6do_putES4_bRNS_8ios_baseEce
wasm-bindgen,_ZNKSt3__215__codecvt_utf16IDsLb0EE5do_inER11__mbstate_tPKcS5_RS5_PDsS7_RS7_
wasm-bindgen,_ZNSt3__29__num_getIcE17__stage2_int_prepERNS_8ios_baseERc
wasm-bindgen,_ZNSt11logic_errorC2ERKS_
wasm-bindgen,_ZNKSt3__220__time_get_c_storageIwE3__cEv
wasm-bindgen,_ZNSt3__215numpunct_bynameIwED0Ev
wasm-bindgen,_ZNSt3__214collate_bynameIcED2Ev
wasm-bindgen,_ZNSt3__27codecvtIwc11__mbstate_tEC1EPKcm
wasm-bindgen,_ZNKSt3__214__codecvt_utf8IwE13do_max_lengthEv
wasm-bindgen,_ZNSt3__210__time_putC2ERKNS_12basic_stringIcNS_11char_traitsIcEENS_9allocatorIcEEEE
wasm-bindgen,_ZNSt3__212basic_stringIwNS_11char_traitsIwEENS_9allocatorIwEEE6insertEmPKwm
wasm-bindgen,_ZNKSt3__217moneypunct_bynameIcLb1EE13do_neg_formatEv
wasm-bindgen,_ZNSt3__29__num_getIwE17__stage2_int_loopEwiPcRS2_RjwRKNS_12basic_stringIcNS_11char_traitsIcEENS_9allocatorIcEEEEPjRSD_PKw
wasm-bindgen,_ZNKSt3__215__codecvt_utf16IwLb0EE16do_always_noconvEv
wasm-bindgen,_ZNSt3__213basic_istreamIcNS_11char_traitsIcEEErsERm
wasm-bindgen,btQuaternion_z
wasm-bindgen,_ZNSt3__215numpunct_bynameIcED1Ev
wasm-bindgen,_ZNSt3__217__assoc_sub_state24set_value_at_thread_exitEv
wasm-bindgen,_ZNSt3__214codecvt_bynameIwc11__mbstate_tED1Ev
wasm-bindgen,_ZNSt3__25ctypeIwED2Ev
wasm-bindgen,_ZNSt3__215basic_streambufIwNS_11char_traitsIwEEE9pbackfailEi
wasm-bindgen,_ZNSt3__215future_categoryEv
wasm-bindgen,_ZNSt3__214codecvt_bynameIDsc11__mbstate_tED2Ev
wasm-bindgen,_ZNSt3__26localeD2Ev
wasm-bindgen,_ZNSt3__213basic_istreamIwNS_11char_traitsIwEEErsERs
wasm-bindgen,_ZNKSt3__27num_putIcNS_19ostreambuf_iteratorIcNS_11char_traitsIcEEEEE6do_putES4_RNS_8ios_baseEcPKv
wasm-bindgen,btCollisionObject_activate
wasm-bindgen,_ZTv0_n12_NSt3__213basic_istreamIwNS_11char_traitsIwEEED1Ev
wasm-bindgen,_ZNSt3__212basic_stringIcNS_11char_traitsIcEENS_9allocatorIcEEE7replaceEmmmc
wasm-bindgen,_ZNKSt3__214__codecvt_utf8IDiE5do_inER11__mbstate_tPKcS5_RS5_PDiS7_RS7_
wasm-bindgen,_ZNKSt3__27num_putIwNS_19ostreambuf_iteratorIwNS_11char_traitsIwEEEEE6do_putES4_RNS_8ios_baseEwb
wasm-bindgen,_ZNKSt3__28messagesIwE8do_closeEl
wasm-bindgen,_ZNKSt3__210moneypunctIwLb1EE16do_decimal_pointEv
wasm-bindgen,_ZNSt3__215numpunct_bynameIcEC1ERKNS_12basic_stringIcNS_11char_traitsIcEENS_9allocatorIcEEEEm
wasm-bindgen,_ZNSt11logic_errorC1ERKS_
wasm-bindgen,_ZNSt16invalid_argumentD2Ev
wasm-bindgen,_ZNSt3__217__assoc_sub_state9set_valueEv
wasm-bindgen,_ZNSt3__213basic_istreamIcNS_11char_traitsIcEEE7putbackEc
wasm-bindgen,greet
wasm-bindgen,_ZdlPvSt11align_val_tRKSt9nothrow_t
wasm-bindgen,_ZNSt3__28ios_base4initEPv
wasm-bindgen,_ZNSt3__26locale2id6__initEv
wasm-bindgen,_ZNKSt3__210__time_put8__do_putEPcRS1_PK2tmcc
wasm-bindgen,__udivdi3
wasm-bindgen,initiate
wasm-bindgen,_ZNSt3__213basic_istreamIcNS_11char_traitsIcEEE4syncEv
wasm-bindgen,_ZNSt3__214basic_iostreamIcNS_11char_traitsIcEEED2Ev
wasm-bindgen,_ZNKSt3__210moneypunctIcLb1EE14do_curr_symbolEv
wasm-bindgen,btRigidBody_getAngularVelocity
wasm-bindgen,_ZNKSt3__27num_getIwNS_19istreambuf_iteratorIwNS_11char_traitsIwEEEEE6do_getES4_S4_RNS_8ios_baseERjRm
wasm-bindgen,_ZNKSt3__220__time_get_c_storageIwE7__am_pmEv
wasm-bindgen,_ZNSt3__28ios_base6xallocEv
wasm-bindgen,_ZNSt3__211__money_getIcE13__gather_infoEbRKNS_6localeERNS_10money_base7patternERcS8_RNS_12basic_stringIcNS_11char_traitsIcEENS_9allocatorIcEEEESF_SF_SF_Ri
wasm-bindgen,_ZNSt3__213basic_ostreamIcNS_11char_traitsIcEEElsEPKv
wasm-bindgen,_ZNSt3__212basic_stringIcNS_11char_traitsIcEENS_9allocatorIcEEE9__grow_byEmmmmmm
wasm-bindgen,_ZNKSt3__28time_getIwNS_19istreambuf_iteratorIwNS_11char_traitsIwEEEEE12__get_minuteERiRS4_S4_RjRKNS_5ctypeIwEE
wasm-bindgen,_ZNKSt3__212basic_stringIcNS_11char_traitsIcEENS_9allocatorIcEEE4copyEPcmm
wasm-bindgen,_ZNKSt3__27codecvtIDsc11__mbstate_tE9do_lengthERS1_PKcS5_m
wasm-bindgen,_ZNSt3__215basic_streambufIcNS_11char_traitsIcEEE6setbufEPcl
wasm-bindgen,_ZNSt3__26thread20hardware_concurrencyEv
wasm-bindgen,btRigidBody_getTotalForce
wasm-bindgen,_ZNSt3__212system_errorC1ENS_10error_codeE
wasm-bindgen,_ZNSt3__213basic_istreamIwNS_11char_traitsIwEEE4peekEv
wasm-bindgen,__fixdfsi
wasm-bindgen,AllHitsRayResultCallback_get_m_hitPointWorld
wasm-bindgen,_ZNSt3__227__insertion_sort_incompleteIRNS_6__lessIiiEEPiEEbT0_S5_T_
wasm-bindgen,btCollisionShape_destroy
wasm-bindgen,_ZNKSt3__212basic_stringIwNS_11char_traitsIwEENS_9allocatorIwEEE16find_last_not_ofEPKwmm
wasm-bindgen,_ZNSt3__210to_wstringEm
wasm-bindgen,_ZNKSt3__212basic_stringIcNS_11char_traitsIcEENS_9allocatorIcEEE4findEPKcmm
wasm-bindgen,_ZNSt3__210to_wstringEy
wasm-bindgen,_ZNSt3__213basic_ostreamIcNS_11char_traitsIcEEElsEl
wasm-bindgen,_ZNKSt3__220__codecvt_utf8_utf16IDsE9do_lengthER11__mbstate_tPKcS5_m
wasm-bindgen,btSequentialImpulseConstraintSolver_create
wasm-bindgen,btDiscreteDynamicsWorld_setApplySpeculativeContactRestitution
wasm-bindgen,_ZNSt3__214__shared_countD1Ev
wasm-bindgen,_ZNKSt3__215__codecvt_utf16IDiLb0EE6do_outER11__mbstate_tPKDiS5_RS5_PcS7_RS7_
wasm-bindgen,_ZNSt3__213basic_ostreamIcNS_11char_traitsIcEEElsEPNS_15basic_streambufIcS2_EE
wasm-bindgen,_ZNKSt3__220__codecvt_utf8_utf16IwE11do_encodingEv
wasm-bindgen,_ZNSt3__213basic_istreamIcNS_11char_traitsIcEEErsERb
wasm-bindgen,_ZNSt3__213basic_ostreamIwNS_11char_traitsIwEEElsEi
wasm-bindgen,__floatsidf
wasm-bindgen,_ZNKSt3__27num_putIwNS_19ostreambuf_iteratorIwNS_11char_traitsIwEEEEE6do_putES4_RNS_8ios_baseEwd
wasm-bindgen,_ZNKSt3__28messagesIcE6do_getEliiRKNS_12basic_stringIcNS_11char_traitsIcEENS_9allocatorIcEEEE
wasm-bindgen,btDiscreteDynamicsWorld_getGravity
wasm-bindgen,_ZNSt3__26__sortIRNS_6__lessIiiEEPiEEvT0_S5_T_
wasm-bindgen,_ZNSt16nested_exceptionD1Ev
wasm-bindgen,_ZNKSt3__217moneypunct_bynameIwLb0EE14do_frac_digitsEv
wasm-bindgen,__floatuntisf
wasm-bindgen,btRigidBodyConstructionInfo_create
wasm-bindgen,jsrulesets_add_all_from_js_array
wasm-bindgen,_ZNSt3__210to_wstringEd
wasm-bindgen,_ZNSt3__212basic_stringIcNS_11char_traitsIcEENS_9allocatorIcEEE6appendEmc
wasm-bindgen,_ZNKSt3__220__codecvt_utf8_utf16IDsE10do_unshiftER11__mbstate_tPcS4_RS4_
wasm-bindgen,__muloti4
wasm-bindgen,btCollisionShape_getLocalScaling
wasm-bindgen,btCollisionObject_setFriction
wasm-bindgen,_ZNSt13exception_ptrD2Ev
wasm-bindgen,_ZNKSt3__214__codecvt_utf8IDsE16do_always_noconvEv
wasm-bindgen,_ZNSt3__213basic_istreamIwNS_11char_traitsIwEEErsERx
wasm-bindgen,_ZNKSt9bad_alloc4whatEv
wasm-bindgen,AllConvexResultCallback_get_m_hitFractions
wasm-bindgen,__umodti3
wasm-bindgen,__muldi3
wasm-bindgen,_ZNKSt3__28time_getIwNS_19istreambuf_iteratorIwNS_11char_traitsIwEEEEE10__get_hourERiRS4_S4_RjRKNS_5ctypeIwEE
wasm-bindgen,_ZNSt3__213basic_ostreamIcNS_11char_traitsIcEEE6sentryC1ERS3_
wasm-bindgen,all_generated_locations_for
wasm-bindgen,_ZNSt3__29__num_putIcE23__widen_and_group_floatEPcS2_S2_S2_RS2_S3_RKNS_6localeE
wasm-bindgen,_ZNSt3__213basic_ostreamIwNS_11char_traitsIwEEE6sentryC1ERS3_
wasm-bindgen,_ZNKSt3__28time_getIcNS_19istreambuf_iteratorIcNS_11char_traitsIcEEEEE16do_get_monthnameES4_S4_RNS_8ios_baseERjP2tm
wasm-bindgen,_ZNKSt3__217moneypunct_bynameIcLb0EE16do_negative_signEv
wasm-bindgen,_ZNSt3__213basic_istreamIwNS_11char_traitsIwEEE4syncEv
wasm-bindgen,_ZNSt13bad_exceptionD2Ev
wasm-bindgen,_ZNKSt3__25ctypeIwE8do_widenEPKcS3_Pw
wasm-bindgen,_ZNSt3__210to_wstringEj
wasm-bindgen,_ZNSt3__214collate_bynameIwEC1ERKNS_12basic_stringIcNS_11char_traitsIcEENS_9allocatorIcEEEEm
wasm-bindgen,_ZNKSt3__27codecvtIwc11__mbstate_tE16do_always_noconvEv
wasm-bindgen,_ZNSt3__215basic_streambufIcNS_11char_traitsIcEEE9pbackfailEi
wasm-bindgen,_ZNKSt3__27num_getIcNS_19istreambuf_iteratorIcNS_11char_traitsIcEEEEE6do_getES4_S4_RNS_8ios_baseERjS8_
wasm-bindgen,_ZNKSt3__27num_putIcNS_19ostreambuf_iteratorIcNS_11char_traitsIcEEEEE6do_putES4_RNS_8ios_baseEcx
wasm-bindgen,_ZNKSt3__25ctypeIwE10do_tolowerEPwPKw
wasm-bindgen,_ZNKSt3__27num_getIwNS_19istreambuf_iteratorIwNS_11char_traitsIwEEEEE6do_getES4_S4_RNS_8ios_baseERjRb
wasm-bindgen,_ZNKSt3__210moneypunctIwLb0EE16do_decimal_pointEv
wasm-bindgen,__moddi3
wasm-bindgen,_ZNKSt3__215__codecvt_utf16IDsLb1EE9do_lengthER11__mbstate_tPKcS5_m
wasm-bindgen,_ZNSt3__213basic_ostreamIcNS_11char_traitsIcEEElsEj
wasm-bindgen,_ZNSt3__26locale5facet16__on_zero_sharedEv
wasm-bindgen,_ZNSt3__25ctypeIwED0Ev
wasm-bindgen,_ZNSt3__27codecvtIDic11__mbstate_tED1Ev
wasm-bindgen,_ZNSt3__213basic_ostreamIwNS_11char_traitsIwEEElsEx
wasm-bindgen,btDiscreteDynamicsWorld_addRigidBody
wasm-bindgen,_ZNSt3__215numpunct_bynameIcED0Ev
wasm-bindgen,_ZNKSt3__212basic_stringIwNS_11char_traitsIwEENS_9allocatorIwEEE7compareEmmRKS5_mm
wasm-bindgen,_ZNKSt3__217moneypunct_bynameIcLb0EE16do_positive_signEv
wasm-bindgen,_ZNSt3__214collate_bynameIcEC2EPKcm
wasm-bindgen,_ZNKSt3__25ctypeIwE9do_narrowEPKwS3_cPc
wasm-bindgen,__floattisf
wasm-bindgen,ClosestConvexResultCallback_create
wasm-bindgen,_ZNSt3__213basic_istreamIcNS_11char_traitsIcEEErsERf
wasm-bindgen,_ZNSt3__213basic_istreamIcNS_11char_traitsIcEEE5seekgExNS_8ios_base7seekdirE
wasm-bindgen,btCollisionObject_forceActivationState
wasm-bindgen,_ZNSt3__213basic_ostreamIcNS_11char_traitsIcEEElsEi
wasm-bindgen,btDiscreteDynamicsWorld_removeRigidBody
wasm-bindgen,btDiscreteDynamicsWorld_setGravity
wasm-bindgen,_ZNSt3__213basic_istreamIcNS_11char_traitsIcEEE3getEPclc
wasm-bindgen,_ZNSt3__221undeclare_no_pointersEPcm
wasm-bindgen,_ZNKSt3__220__codecvt_utf8_utf16IwE16do_always_noconvEv
wasm-bindgen,_ZNSt3__215basic_streambufIwNS_11char_traitsIwEEE4syncEv
wasm-bindgen,by_generated_location
wasm-bindgen,_ZNSt3__221recursive_timed_mutexC2Ev
wasm-bindgen,btCollisionObject_setRestitution
wasm-bindgen,_ZNKSt3__27num_getIcNS_19istreambuf_iteratorIcNS_11char_traitsIcEEEEE6do_getES4_S4_RNS_8ios_baseERjRb
wasm-bindgen,_ZNSt3__27promiseIvE28set_exception_at_thread_exitESt13exception_ptr
wasm-bindgen,_ZNKSt3__217moneypunct_bynameIcLb1EE16do_positive_signEv
wasm-bindgen,_ZNKSt3__215__codecvt_utf16IDsLb1EE16do_always_noconvEv
wasm-bindgen,_ZNSt3__215basic_streambufIwNS_11char_traitsIwEEE9underflowEv
wasm-bindgen,_ZNSt3__29__num_getIwE19__stage2_float_prepERNS_8ios_baseEPwRwS5_
wasm-bindgen,_ZNKSt3__28messagesIcE8do_closeEl
wasm-bindgen,_ZNKSt3__27codecvtIDsc11__mbstate_tE6do_outERS1_PKDsS5_RS5_PcS7_RS7_
wasm-bindgen,btRigidBody_setGravity
wasm-bindgen,_ZNSt13exception_ptrC1ERKS_
wasm-bindgen,_ZNSt3__227__insertion_sort_incompleteIRNS_6__lessIssEEPsEEbT0_S5_T_
wasm-bindgen,_ZNSt3__26localeC2ERKS0_RKNS_12basic_stringIcNS_11char_traitsIcEENS_9allocatorIcEEEEi
wasm-bindgen,_ZNSt3__215basic_streambufIwNS_11char_traitsIwEEEaSERKS3_
wasm-bindgen,_ZNSt3__215basic_streambufIwNS_11char_traitsIwEEE6xsgetnEPwl
wasm-bindgen,_ZNSt3__212basic_stringIcNS_11char_traitsIcEENS_9allocatorIcEEEC1ERKS5_RKS4_
wasm-bindgen,_ZNKSt3__210moneypunctIcLb1EE13do_pos_formatEv
wasm-bindgen,_ZNSt3__24stodERKNS_12basic_stringIcNS_11char_traitsIcEENS_9allocatorIcEEEEPm
wasm-bindgen,_ZTv0_n12_NSt3__213basic_istreamIcNS_11char_traitsIcEEED0Ev
wasm-bindgen,_ZNSt3__27promiseIvEC1Ev
wasm-bindgen,_ZNSt3__217__widen_from_utf8ILm32EED1Ev
wasm-bindgen,_ZNSt3__212bad_weak_ptrD2Ev
wasm-bindgen,_ZNSt3__212basic_stringIwNS_11char_traitsIwEENS_9allocatorIwEEE6resizeEmw
wasm-bindgen,_ZNSt3__213basic_ostreamIcNS_11char_traitsIcEEElsEb
wasm-bindgen,_ZNSt3__215__thread_structC1Ev
wasm-bindgen,_ZNKSt3__215__codecvt_utf16IDsLb1EE6do_outER11__mbstate_tPKDsS5_RS5_PcS7_RS7_
wasm-bindgen,_ZNSt3__215recursive_mutex6unlockEv
wasm-bindgen,_ZNSt3__27collateIcED1Ev
wasm-bindgen,_ZNSt3__213basic_ostreamIcNS_11char_traitsIcEEElsEt
wasm-bindgen,btPairCachingGhostObject_create
wasm-bindgen,_ZNSt3__26futureIvEC1EPNS_17__assoc_sub_stateE
wasm-bindgen,_ZNKSt3__28time_getIwNS_19istreambuf_iteratorIwNS_11char_traitsIwEEEEE14do_get_weekdayES4_S4_RNS_8ios_baseERjP2tm
wasm-bindgen,_ZNKSt3__28time_getIwNS_19istreambuf_iteratorIwNS_11char_traitsIwEEEEE13do_date_orderEv
wasm-bindgen,_ZNSt3__219declare_no_pointersEPcm
wasm-bindgen,_ZNKSt3__210moneypunctIwLb0EE16do_thousands_sepEv
wasm-bindgen,_ZNSt3__213basic_ostreamIcNS_11char_traitsIcEEE5flushEv
wasm-bindgen,_ZNSt3__214codecvt_bynameIcc11__mbstate_tED1Ev
wasm-bindgen,_ZNKSt3__27num_getIwNS_19istreambuf_iteratorIwNS_11char_traitsIwEEEEE6do_getES4_S4_RNS_8ios_baseERjRl
wasm-bindgen,plugin_entrypoint
wasm-bindgen,_ZNSt3__213basic_ostreamIwNS_11char_traitsIwEEE6sentryD2Ev
wasm-bindgen,_ZNSt3__212system_errorC1EiRKNS_14error_categoryEPKc
wasm-bindgen,_ZNSt3__212basic_stringIwNS_11char_traitsIwEENS_9allocatorIwEEE7replaceEmmRKS5_mm
wasm-bindgen,_ZNSt3__217moneypunct_bynameIwLb0EE4initEPKc
wasm-bindgen,_ZNSt3__212ctype_bynameIwEC2EPKcm
wasm-bindgen,btCollisionObject_setCcdMotionThreshold
wasm-bindgen,_ZNSt8bad_castD2Ev
wasm-bindgen,_ZNSt15underflow_errorD1Ev
wasm-bindgen,btRigidBody_setMassProps
wasm-bindgen,_ZNSt3__217__widen_from_utf8ILm16EED0Ev
wasm-bindgen,_ZNSt3__213basic_istreamIwNS_11char_traitsIwEEE5seekgExNS_8ios_base7seekdirE
wasm-bindgen,RayResultCallback_get_m_collisionObject
wasm-bindgen,btRigidBody_applyForce
wasm-bindgen,_ZNKSt3__210moneypunctIcLb0EE16do_negative_signEv
wasm-bindgen,_ZNSt3__26__sortIRNS_6__lessImmEEPmEEvT0_S5_T_
wasm-bindgen,compile_pattern
wasm-bindgen,btCompoundShape_create
wasm-bindgen,_ZNSt3__213basic_istreamIwNS_11char_traitsIwEEED1Ev
wasm-bindgen,_ZNSt3__215basic_streambufIcNS_11char_traitsIcEEEaSERKS3_
wasm-bindgen,_ZNSt3__213basic_istreamIcNS_11char_traitsIcEEErsEPNS_15basic_streambufIcS2_EE
wasm-bindgen,_ZNKSt3__217moneypunct_bynameIcLb0EE14do_frac_digitsEv
wasm-bindgen,_ZNSt3__213basic_istreamIcNS_11char_traitsIcEEED1Ev
wasm-bindgen,_ZNSt3__212basic_stringIwNS_11char_traitsIwEENS_9allocatorIwEEED2Ev
wasm-bindgen,_ZNSt3__28ios_base5iwordEi
wasm-bindgen,_ZNSt13runtime_errorC2EPKc
wasm-bindgen,_ZNKSt3__219__shared_weak_count13__get_deleterERKSt9type_info
wasm-bindgen,_ZNKSt3__215__codecvt_utf16IwLb0EE10do_unshiftER11__mbstate_tPcS4_RS4_
wasm-bindgen,_ZNSt3__213basic_ostreamIwNS_11char_traitsIwEEElsEj
wasm-bindgen,_ZNSt3__25alignEmmRPvRm
wasm-bindgen,_ZNSt3__213basic_ostreamIcNS_11char_traitsIcEEElsEf
wasm-bindgen,RayResultCallback_get_m_closestHitFraction
wasm-bindgen,_ZNSt8bad_castD0Ev
wasm-bindgen,_ZNKSt3__217moneypunct_bynameIwLb0EE16do_negative_signEv
wasm-bindgen,_ZNSt3__212bad_weak_ptrD1Ev
wasm-bindgen,__divsf3
wasm-bindgen,_ZNSt11logic_erroraSERKS_
wasm-bindgen,btVector3_x
wasm-bindgen,_ZNKSt3__27num_putIwNS_19ostreambuf_iteratorIwNS_11char_traitsIwEEEEE6do_putES4_RNS_8ios_baseEwm
wasm-bindgen,_ZNKSt3__214__codecvt_utf8IDsE10do_unshiftER11__mbstate_tPcS4_RS4_
wasm-bindgen,_ZNSt3__215basic_streambufIwNS_11char_traitsIwEEEC1ERKS3_
wasm-bindgen,_ZNSt13bad_exceptionD0Ev
wasm-bindgen,_ZNSt3__213basic_ostreamIcNS_11char_traitsIcEEElsEs
wasm-bindgen,AllHitsRayResultCallback_get_m_hitNormalWorld
wasm-bindgen,_ZNSt3__213basic_istreamIwNS_11char_traitsIwEEED0Ev
wasm-bindgen,_ZNSt3__27codecvtIDic11__mbstate_tED0Ev
wasm-bindgen,_ZNSt3__215numpunct_bynameIwEC2EPKcm
wasm-bindgen,_ZNSt3__213basic_ostreamIwNS_11char_traitsIwEEElsEs
wasm-bindgen,RayResultCallback_hasHit
wasm-bindgen,_ZNSt3__217__widen_from_utf8ILm16EED1Ev
wasm-bindgen,RayResultCallback_set_m_collisionFilterMask
wasm-bindgen,_ZNKSt3__220__time_get_c_storageIwE3__xEv
wasm-bindgen,alloc
wasm-bindgen,_ZNKSt3__212ctype_bynameIcE10do_toupperEPcPKc
wasm-bindgen,_ZNSt3__29to_stringEx
wasm-bindgen,_ZNSt3__211__money_putIwE8__formatEPwRS2_S3_jPKwS5_RKNS_5ctypeIwEEbRKNS_10money_base7patternEwwRKNS_12basic_stringIcNS_11char_traitsIcEENS_9allocatorIcEEEERKNSE_IwNSF_IwEENSH_IwEEEESQ_i
wasm-bindgen,_ZNSt3__215basic_streambufIcNS_11char_traitsIcEEED2Ev
wasm-bindgen,_ZNSt3__26chrono12system_clock9to_time_tERKNS0_10time_pointIS1_NS0_8durationIxNS_5ratioILx1ELx1000000EEEEEEE
wasm-bindgen,_ZNSt3__213basic_istreamIcNS_11char_traitsIcEEE6sentryC2ERS3_b
wasm-bindgen,_ZNSt3__210to_wstringEe
wasm-bindgen,_ZNKSt3__28time_getIwNS_19istreambuf_iteratorIwNS_11char_traitsIwEEEEE15__get_monthnameERiRS4_S4_RjRKNS_5ctypeIwEE
wasm-bindgen,_ZNSt3__29basic_iosIwNS_11char_traitsIwEEE7copyfmtERKS3_
wasm-bindgen,_ZNKSt3__28time_getIwNS_19istreambuf_iteratorIwNS_11char_traitsIwEEEEE11__get_monthERiRS4_S4_RjRKNS_5ctypeIwEE
wasm-bindgen,_ZNSt12domain_errorD2Ev
wasm-bindgen,_ZNSt16nested_exceptionD0Ev
wasm-bindgen,_ZNSt3__210__time_getC2EPKc
wasm-bindgen,draw
wasm-bindgen,_ZNSt13exception_ptrC2ERKS_
wasm-bindgen,_ZNSt11range_errorD1Ev
wasm-bindgen,__cxa_get_globals
wasm-bindgen,_ZNKSt3__29money_putIwNS_19ostreambuf_iteratorIwNS_11char_traitsIwEEEEE6do_putES4_bRNS_8ios_baseEwRKNS_12basic_stringIwS3_NS_9allocatorIwEEEE
wasm-bindgen,layaMotionState_create
wasm-bindgen,btCollisionObject_getUserIndex
wasm-bindgen,_ZNSt3__212basic_stringIcNS_11char_traitsIcEENS_9allocatorIcEEEC2ERKS5_mmRKS4_
wasm-bindgen,_ZNKSt3__217moneypunct_bynameIwLb0EE16do_decimal_pointEv
wasm-bindgen,btCompoundShape_getChildShape
wasm-bindgen,_ZNKSt3__215__codecvt_utf16IwLb1EE10do_unshiftER11__mbstate_tPcS4_RS4_
wasm-bindgen,_ZNSt3__25stoulERKNS_12basic_stringIwNS_11char_traitsIwEENS_9allocatorIwEEEEPmi
wasm-bindgen,_ZNSt3__28ios_base4swapERS0_
wasm-bindgen,_ZNKSt3__210moneypunctIwLb1EE13do_pos_formatEv
wasm-bindgen,_ZNKSt3__217moneypunct_bynameIcLb1EE11do_groupingEv
wasm-bindgen,_ZNSt3__218__time_get_storageIcE4initERKNS_5ctypeIcEE
wasm-bindgen,_ZNKSt3__27codecvtIDic11__mbstate_tE10do_unshiftERS1_PcS4_RS4_
wasm-bindgen,_ZNKSt3__214collate_bynameIcE12do_transformEPKcS3_
wasm-bindgen,ClosestConvexResultCallback_set_m_hitCollisionObject
wasm-bindgen,_ZNSt3__214collate_bynameIcED0Ev
wasm-bindgen,_ZNSt3__218condition_variable10notify_oneEv
wasm-bindgen,_ZNSt3__213basic_ostreamIwNS_11char_traitsIwEEE5flushEv
wasm-bindgen,_ZNSt3__210to_wstringEl
wasm-bindgen,_ZNSt3__213basic_ostreamIwNS_11char_traitsIwEEElsEd
wasm-bindgen,_ZNSt3__27codecvtIwc11__mbstate_tEC2Em
wasm-bindgen,_ZNKSt3__28time_getIwNS_19istreambuf_iteratorIwNS_11char_traitsIwEEEEE11__get_am_pmERiRS4_S4_RjRKNS_5ctypeIwEE
wasm-bindgen,_ZdlPvSt11align_val_t
wasm-bindgen,_ZNKSt3__217moneypunct_bynameIwLb1EE13do_neg_formatEv
wasm-bindgen,_ZNSt3__218__time_get_storageIcE9__analyzeEcRKNS_5ctypeIcEE
wasm-bindgen,jsrulesets_potentially_applicable
wasm-bindgen,_ZNSt3__212bad_weak_ptrD0Ev
wasm-bindgen,_ZNSt3__26localeC2ERKS0_
wasm-bindgen,_ZNSt3__213basic_ostreamIcNS_11char_traitsIcEEED0Ev
wasm-bindgen,_ZNSt3__217__assoc_sub_state13set_exceptionESt13exception_ptr
wasm-bindgen,_ZNSt13exception_ptrD1Ev
wasm-bindgen,_ZNSt3__217moneypunct_bynameIcLb1EE4initEPKc
wasm-bindgen,_ZNSt3__212system_error6__initERKNS_10error_codeENS_12basic_stringIcNS_11char_traitsIcEENS_9allocatorIcEEEE
wasm-bindgen,_ZNKSt3__214__codecvt_utf8IDsE5do_inER11__mbstate_tPKcS5_RS5_PDsS7_RS7_
wasm-bindgen,_ZNSt3__27codecvtIcc11__mbstate_tED0Ev
wasm-bindgen,_ZNSt3__215numpunct_bynameIwEC1EPKcm
wasm-bindgen,_ZNSt11logic_errorD2Ev
wasm-bindgen,_ZNSt3__26__sortIRNS_6__lessIxxEEPxEEvT0_S5_T_
wasm-bindgen,_ZNSt3__217__assoc_sub_state28set_exception_at_thread_exitESt13exception_ptr
wasm-bindgen,RayResultCallback_set_m_collisionObject
wasm-bindgen,_ZNSt3__213basic_istreamIcNS_11char_traitsIcEEErsERs
wasm-bindgen,_ZNSt3__28ios_base15sync_with_stdioEb
wasm-bindgen,_ZNSt12domain_errorD1Ev
wasm-bindgen,_ZNSt3__216__narrow_to_utf8ILm16EED2Ev
wasm-bindgen,_ZNKSt3__27num_getIcNS_19istreambuf_iteratorIcNS_11char_traitsIcEEEEE6do_getES4_S4_RNS_8ios_baseERjRPv
wasm-bindgen,_ZNKSt11logic_error4whatEv
wasm-bindgen,_ZNSt3__227__insertion_sort_incompleteIRNS_6__lessImmEEPmEEbT0_S5_T_
wasm-bindgen,_ZNSt3__212basic_stringIwNS_11char_traitsIwEENS_9allocatorIwEEE6appendEPKw
wasm-bindgen,_ZNKSt3__28numpunctIcE16do_decimal_pointEv
wasm-bindgen,fill
wasm-bindgen,_ZNSt3__28ios_base33__set_badbit_and_consider_rethrowEv
wasm-bindgen,_ZNSt3__29__num_getIwE17__stage2_int_prepERNS_8ios_baseERw
wasm-bindgen,_ZNKSt3__215__codecvt_utf16IwLb0EE11do_encodingEv
wasm-bindgen,_ZnamRKSt9nothrow_t
wasm-bindgen,_ZNSt9exceptionD1Ev
wasm-bindgen,_ZNSt3__29__num_putIcE21__widen_and_group_intEPcS2_S2_S2_RS2_S3_RKNS_6localeE
wasm-bindgen,_ZNSt3__213basic_istreamIwNS_11char_traitsIwEEErsEPNS_15basic_streambufIwS2_EE
wasm-bindgen,_ZNSt3__28ios_base34__set_failbit_and_consider_rethrowEv
wasm-bindgen,_ZNSt3__212basic_stringIcNS_11char_traitsIcEENS_9allocatorIcEEE2atEm
wasm-bindgen,_ZNKSt3__217moneypunct_bynameIwLb0EE13do_neg_formatEv
wasm-bindgen,ConvexResultCallback_set_m_collisionFilterMask
wasm-bindgen,_ZNSt3__29basic_iosIwNS_11char_traitsIwEEED2Ev
wasm-bindgen,_ZNKSt3__214__codecvt_utf8IwE10do_unshiftER11__mbstate_tPcS4_RS4_
wasm-bindgen,_ZNKSt3__212ctype_bynameIwE9do_narrowEwc
wasm-bindgen,_ZSt10unexpectedv
wasm-bindgen,_ZNSt3__214codecvt_bynameIDic11__mbstate_tED0Ev
wasm-bindgen,__fixsfti
wasm-bindgen,_ZNSt3__212__get_sp_mutEPKv
wasm-bindgen,_ZNSt3__218__time_get_storageIwE4initERKNS_5ctypeIwEE
wasm-bindgen,__fixsfdi
wasm-bindgen,_ZdlPv
wasm-bindgen,_ZNKSt3__220__codecvt_utf8_utf16IDsE11do_encodingEv
wasm-bindgen,__mulodi4
wasm-bindgen,_ZNSt3__213basic_istreamIwNS_11char_traitsIwEEErsERy
wasm-bindgen,__floatdidf
wasm-bindgen,_ZNSt3__25stollERKNS_12basic_stringIcNS_11char_traitsIcEENS_9allocatorIcEEEEPmi
wasm-bindgen,btCollisionObject_getActivationState
wasm-bindgen,_ZNSt3__26localeD1Ev
wasm-bindgen,_ZNSt20bad_array_new_lengthC2Ev
wasm-bindgen,_ZNSt3__28numpunctIcED2Ev
wasm-bindgen,_ZNSt3__26__sortIRNS_6__lessIyyEEPyEEvT0_S5_T_
wasm-bindgen,_ZNKSt3__27collateIcE10do_compareEPKcS3_S3_S3_
wasm-bindgen,_ZNSt3__25ctypeIcED0Ev
wasm-bindgen,_ZNSt3__215basic_streambufIcNS_11char_traitsIcEEE7seekposENS_4fposI11__mbstate_tEEj
wasm-bindgen,_ZNSt3__214collate_bynameIwEC2ERKNS_12basic_stringIcNS_11char_traitsIcEENS_9allocatorIcEEEEm
wasm-bindgen,_ZNSt3__28numpunctIwED0Ev
wasm-bindgen,_ZNSt3__26futureIvED2Ev
wasm-bindgen,_ZNSt3__221recursive_timed_mutexD1Ev
wasm-bindgen,_ZNSt3__212basic_stringIwNS_11char_traitsIwEENS_9allocatorIwEEEC1ERKS5_mmRKS4_
wasm-bindgen,_ZNSt3__217__widen_from_utf8ILm32EED2Ev
wasm-bindgen,_ZNSt3__213basic_ostreamIwNS_11char_traitsIwEEED0Ev
wasm-bindgen,_ZNSt3__29__num_getIwE19__stage2_float_loopEwRbRcPcRS4_wwRKNS_12basic_stringIcNS_11char_traitsIcEENS_9allocatorIcEEEEPjRSE_RjPw
wasm-bindgen,compute_column_spans
wasm-bindgen,_ZNKSt3__27num_getIcNS_19istreambuf_iteratorIcNS_11char_traitsIcEEEEE6do_getES4_S4_RNS_8ios_baseERjRm
wasm-bindgen,_ZNKSt3__212ctype_bynameIwE8do_widenEPKcS3_Pw
wasm-bindgen,AllHitsRayResultCallback_create
wasm-bindgen,__lshrdi3
wasm-bindgen,_ZNSt3__213basic_istreamIcNS_11char_traitsIcEEE8readsomeEPcl
wasm-bindgen,ClosestConvexResultCallback_get_m_hitPointWorld
wasm-bindgen,_ZNKSt3__215__codecvt_utf16IwLb1EE16do_always_noconvEv
wasm-bindgen,btKinematicCharacterController_destroy
wasm-bindgen,_ZNKSt3__210moneypunctIcLb0EE16do_thousands_sepEv
wasm-bindgen,_ZNKSt3__212basic_stringIwNS_11char_traitsIwEENS_9allocatorIwEEE7compareEmmPKwm
wasm-bindgen,_ZNKSt3__210moneypunctIcLb0EE13do_pos_formatEv
wasm-bindgen,_ZNSt3__213shared_futureIvEaSERKS1_
wasm-bindgen,_ZNSt3__28numpunctIcEC1Em
wasm-bindgen,_ZNSt3__214collate_bynameIwEC1EPKcm
wasm-bindgen,_ZNKSt3__215__codecvt_utf16IDiLb0EE11do_encodingEv
wasm-bindgen,_ZNKSt3__29money_getIwNS_19istreambuf_iteratorIwNS_11char_traitsIwEEEEE6do_getES4_S4_bRNS_8ios_baseERjRe
wasm-bindgen,_ZNSt3__27codecvtIwc11__mbstate_tED1Ev
wasm-bindgen,_ZNSt13bad_exceptionD1Ev
wasm-bindgen,_ZNKSt3__27num_putIwNS_19ostreambuf_iteratorIwNS_11char_traitsIwEEEEE6do_putES4_RNS_8ios_baseEwy
wasm-bindgen,_ZNSt3__29to_stringEj
wasm-bindgen,_ZNSt3__211__money_getIwE13__gather_infoEbRKNS_6localeERNS_10money_base7patternERwS8_RNS_12basic_stringIcNS_11char_traitsIcEENS_9allocatorIcEEEERNS9_IwNSA_IwEENSC_IwEEEESJ_SJ_Ri
wasm-bindgen,btOverlappingPairCache_setInternalGhostPairCallback
wasm-bindgen,_ZNKSt3__26locale9has_facetERNS0_2idE
wasm-bindgen,_ZNKSt3__212ctype_bynameIwE10do_toupperEw
wasm-bindgen,btConeShapeZ_create
wasm-bindgen,_ZNSt3__215basic_streambufIcNS_11char_traitsIcEEE6xsputnEPKcl
wasm-bindgen,_ZNSt3__29to_stringEy
wasm-bindgen,_ZNSt3__212basic_stringIcNS_11char_traitsIcEENS_9allocatorIcEEEaSEc
wasm-bindgen,__ashrdi3
wasm-bindgen,_ZNKSt3__27num_getIwNS_19istreambuf_iteratorIwNS_11char_traitsIwEEEEE6do_getES4_S4_RNS_8ios_baseERjS8_
wasm-bindgen,_ZNSt3__26localeC2ERKNS_12basic_stringIcNS_11char_traitsIcEENS_9allocatorIcEEEE
wasm-bindgen,_ZNKSt3__27codecvtIcc11__mbstate_tE6do_outERS1_PKcS5_RS5_PcS7_RS7_
wasm-bindgen,_ZNSt3__28ios_baseD1Ev
wasm-bindgen,_ZNSt3__212basic_stringIwNS_11char_traitsIwEENS_9allocatorIwEEEC1ERKS5_
wasm-bindgen,_ZNSt3__213basic_istreamIwNS_11char_traitsIwEEErsERb
wasm-bindgen,_ZNKSt3__217moneypunct_bynameIwLb0EE11do_groupingEv
wasm-bindgen,_ZNSt3__26__sortIRNS_6__lessIddEEPdEEvT0_S5_T_
wasm-bindgen,_ZNSt3__214basic_iostreamIcNS_11char_traitsIcEEED1Ev
wasm-bindgen,_ZNSt3__212basic_stringIwNS_11char_traitsIwEENS_9allocatorIwEEE6__initEmw
wasm-bindgen,fact
wasm-bindgen,btCollisionObject_getWorldTransform
wasm-bindgen,_ZNKSt3__28time_getIwNS_19istreambuf_iteratorIwNS_11char_traitsIwEEEEE13__get_weekdayERiRS4_S4_RjRKNS_5ctypeIwEE
wasm-bindgen,_ZNKSt3__28time_getIcNS_19istreambuf_iteratorIcNS_11char_traitsIcEEEEE11do_get_yearES4_S4_RNS_8ios_baseERjP2tm
wasm-bindgen,_ZNSt3__215basic_streambufIcNS_11char_traitsIcEEE4swapERS3_
wasm-bindgen,_ZNKSt3__27num_getIcNS_19istreambuf_iteratorIcNS_11char_traitsIcEEEEE6do_getES4_S4_RNS_8ios_baseERjRt
wasm-bindgen,__divmoddi4
wasm-bindgen,_ZNSt3__215basic_streambufIwNS_11char_traitsIwEEE4swapERS3_
wasm-bindgen,_ZNSt3__26chrono12system_clock11from_time_tEx
wasm-bindgen,_ZNKSt3__215__codecvt_utf16IDiLb0EE5do_inER11__mbstate_tPKcS5_RS5_PDiS7_RS7_
wasm-bindgen,_ZNSt3__212basic_stringIwNS_11char_traitsIwEENS_9allocatorIwEEE6assignEPKwm
wasm-bindgen,_ZNKSt3__28time_getIcNS_19istreambuf_iteratorIcNS_11char_traitsIcEEEEE11__get_monthERiRS4_S4_RjRKNS_5ctypeIcEE
wasm-bindgen,_ZNSt3__26__sortIRNS_6__lessIllEEPlEEvT0_S5_T_
wasm-bindgen,_ZNKSt3__210moneypunctIcLb1EE16do_positive_signEv
wasm-bindgen,_ZNSt3__227__insertion_sort_incompleteIRNS_6__lessIeeEEPeEEbT0_S5_T_
wasm-bindgen,_ZNKSt3__29money_getIcNS_19istreambuf_iteratorIcNS_11char_traitsIcEEEEE6do_getES4_S4_bRNS_8ios_baseERjRNS_12basic_stringIcS3_NS_9allocatorIcEEEE
wasm-bindgen,_ZNSt3__212basic_stringIwNS_11char_traitsIwEENS_9allocatorIwEEE7replaceEmmPKw
wasm-bindgen,__cxa_guard_acquire
wasm-bindgen,_ZNSt3__213basic_istreamIcNS_11char_traitsIcEEErsERPv
wasm-bindgen,__powisf2
wasm-bindgen,_ZNSt9exceptionD0Ev
wasm-bindgen,_ZNKSt3__28time_getIwNS_19istreambuf_iteratorIwNS_11char_traitsIwEEEEE13__get_percentERS4_S4_RjRKNS_5ctypeIwEE
wasm-bindgen,_ZNSt3__29basic_iosIcNS_11char_traitsIcEEED2Ev
wasm-bindgen,_ZNSt3__215basic_streambufIcNS_11char_traitsIcEEE9underflowEv
wasm-bindgen,_ZNSt3__28ios_base7failureC1EPKcRKNS_10error_codeE
wasm-bindgen,btDiscreteDynamicsWorld_clearForces
wasm-bindgen,_ZNKSt3__215__codecvt_utf16IDiLb1EE6do_outER11__mbstate_tPKDiS5_RS5_PcS7_RS7_
wasm-bindgen,rust_eh_personality
wasm-bindgen,_ZSt17__throw_bad_allocv
wasm-bindgen,__dynamic_cast
wasm-bindgen,_ZNSt3__217moneypunct_bynameIwLb1EE4initEPKc
wasm-bindgen,_ZNSt3__212basic_stringIwNS_11char_traitsIwEENS_9allocatorIwEEEC2ERKS5_RKS4_
wasm-bindgen,_ZNSt3__212basic_stringIwNS_11char_traitsIwEENS_9allocatorIwEEEC1ERKS5_RKS4_
wasm-bindgen,_ZNSt11logic_errorD1Ev
wasm-bindgen,_ZNSt3__210to_wstringEi
wasm-bindgen,_ZNSt3__28ios_base7failureC1ERKNS_12basic_stringIcNS_11char_traitsIcEENS_9allocatorIcEEEERKNS_10error_codeE
wasm-bindgen,_ZNSt15underflow_errorD2Ev
wasm-bindgen,_ZNKSt3__27codecvtIcc11__mbstate_tE16do_always_noconvEv
wasm-bindgen,_ZNSt3__213basic_ostreamIcNS_11char_traitsIcEEE5writeEPKcl
wasm-bindgen,__wbindgen_realloc
wasm-bindgen,_ZNSt3__212basic_stringIcNS_11char_traitsIcEENS_9allocatorIcEEE6__initEPKcm
wasm-bindgen,_ZNKSt3__210moneypunctIcLb1EE16do_decimal_pointEv
wasm-bindgen,ConvexResultCallback_set_m_closestHitFraction
wasm-bindgen,_ZNSt3__213basic_istreamIwNS_11char_traitsIwEEE6sentryC2ERS3_b
wasm-bindgen,_ZNSt3__215basic_streambufIcNS_11char_traitsIcEEED1Ev
wasm-bindgen,_ZNSt3__215basic_streambufIcNS_11char_traitsIcEEE5imbueERKNS_6localeE
wasm-bindgen,__udivmodsi4
wasm-bindgen,_ZNSt3__215basic_streambufIwNS_11char_traitsIwEEE6setbufEPwl
wasm-bindgen,_ZNKSt3__210moneypunctIwLb0EE11do_groupingEv
wasm-bindgen,_ZNSt3__26chrono12steady_clock3nowEv
wasm-bindgen,btCompoundShape_addChildShape
wasm-bindgen,_ZNSt3__212basic_stringIwNS_11char_traitsIwEENS_9allocatorIwEEE6__initEPKwm
wasm-bindgen,_ZNSt8bad_castC1Ev
wasm-bindgen,btManifoldPoint_getDistance
wasm-bindgen,_ZNSt3__212basic_stringIwNS_11char_traitsIwEENS_9allocatorIwEEE5eraseEmm
wasm-bindgen,_ZNSt3__27collateIcED2Ev
wasm-bindgen,_ZNKSt3__28time_getIcNS_19istreambuf_iteratorIcNS_11char_traitsIcEEEEE11do_get_timeES4_S4_RNS_8ios_baseERjP2tm
wasm-bindgen,_ZNSt3__27collateIwED2Ev
wasm-bindgen,_ZNSt3__219__shared_weak_countD1Ev
wasm-bindgen,_ZNKSt3__210moneypunctIwLb1EE13do_neg_formatEv
wasm-bindgen,_ZNSt3__26locale2id5__getEv
wasm-bindgen,btStaticPlaneShape_create
wasm-bindgen,_ZNKSt3__27codecvtIcc11__mbstate_tE11do_encodingEv
wasm-bindgen,_ZNKSt3__26locale4nameEv
wasm-bindgen,btDiscreteDynamicsWorld_create
wasm-bindgen,_ZNSt3__214collate_bynameIcEC1ERKNS_12basic_stringIcNS_11char_traitsIcEENS_9allocatorIcEEEEm
wasm-bindgen,_ZNKSt3__221__basic_string_commonILb1EE20__throw_out_of_rangeEv
wasm-bindgen,_ZNKSt3__27codecvtIwc11__mbstate_tE10do_unshiftERS1_PcS4_RS4_
wasm-bindgen,_ZNKSt3__27num_putIwNS_19ostreambuf_iteratorIwNS_11char_traitsIwEEEEE6do_putES4_RNS_8ios_baseEwe
wasm-bindgen,_ZNKSt3__212basic_stringIcNS_11char_traitsIcEENS_9allocatorIcEEE7compareEmmPKc
wasm-bindgen,_ZNSt3__215numpunct_bynameIcEC2EPKcm
wasm-bindgen,_ZNSt3__212system_errorC2EiRKNS_14error_categoryERKNS_12basic_stringIcNS_11char_traitsIcEENS_9allocatorIcEEEE
wasm-bindgen,btDispatcher_getManifoldByIndexInternal
wasm-bindgen,_ZNKSt3__221__basic_string_commonILb1EE20__throw_length_errorEv
wasm-bindgen,_ZNSt3__29basic_iosIcNS_11char_traitsIcEEED0Ev
wasm-bindgen,_ZNSt3__28ios_base7failureD2Ev
wasm-bindgen,_ZNKSt3__27num_getIwNS_19istreambuf_iteratorIwNS_11char_traitsIwEEEEE6do_getES4_S4_RNS_8ios_baseERjRe
wasm-bindgen,roundtrip
wasm-bindgen,_ZNKSt3__220__codecvt_utf8_utf16IwE5do_inER11__mbstate_tPKcS5_RS5_PwS7_RS7_
wasm-bindgen,_ZNSt3__213basic_ostreamIcNS_11char_traitsIcEEElsEx
wasm-bindgen,_ZNSt3__25mutexD2Ev
wasm-bindgen,_ZNKSt3__212ctype_bynameIwE11do_scan_notEmPKwS3_
wasm-bindgen,_ZNKSt3__28time_getIcNS_19istreambuf_iteratorIcNS_11char_traitsIcEEEEE13__get_12_hourERiRS4_S4_RjRKNS_5ctypeIcEE
wasm-bindgen,_ZNKSt3__212ctype_bynameIcE10do_tolowerEPcPKc
wasm-bindgen,_ZNKSt3__25ctypeIwE9do_narrowEwc
wasm-bindgen,_ZNSt3__26futureIvE3getEv
wasm-bindgen,_ZNSt3__27codecvtIDsc11__mbstate_tED1Ev
wasm-bindgen,btMotionState_destroy
wasm-bindgen,_ZNSt3__213shared_futureIvED1Ev
wasm-bindgen,clear
wasm-bindgen,__cxa_pure_virtual
wasm-bindgen,_ZNKSt3__27codecvtIcc11__mbstate_tE5do_inERS1_PKcS5_RS5_PcS7_RS7_
wasm-bindgen,_ZNSt3__29to_stringEd
wasm-bindgen,btCollisionDispatcher_destroy
wasm-bindgen,_ZNKSt3__215__codecvt_utf16IDiLb0EE9do_lengthER11__mbstate_tPKcS5_m
wasm-bindgen,_ZNSt3__212future_errorD0Ev
wasm-bindgen,_ZNKSt3__212basic_stringIwNS_11char_traitsIwEENS_9allocatorIwEEE13find_first_ofEPKwmm
wasm-bindgen,btCollisionWorld_get_m_useContinuous
wasm-bindgen,btCollisionObject_setContactProcessingThreshold
wasm-bindgen,_ZNKSt3__28numpunctIwE12do_falsenameEv
wasm-bindgen,__cxa_increment_exception_refcount
wasm-bindgen,_ZNSt3__213basic_istreamIwNS_11char_traitsIwEEE5seekgENS_4fposI11__mbstate_tEE
wasm-bindgen,parse_mappings
wasm-bindgen,btCollisionObject_setRollingFriction
wasm-bindgen,_ZNKSt3__214error_category10equivalentEiRKNS_15error_conditionE
wasm-bindgen,_ZNSt3__214__shared_countD2Ev
wasm-bindgen,_ZNSt3__212__rs_defaultC2Ev
wasm-bindgen,_ZNSt3__215basic_streambufIwNS_11char_traitsIwEEE8overflowEi
wasm-bindgen,btCapsuleShapeZ_create
wasm-bindgen,RayResultCallback_set_m_closestHitFraction
wasm-bindgen,_ZNKSt3__210moneypunctIcLb1EE16do_negative_signEv
wasm-bindgen,_ZNSt3__212__rs_defaultC2ERKS0_
wasm-bindgen,_ZNSt3__212basic_stringIwNS_11char_traitsIwEENS_9allocatorIwEEE6assignEPKw
wasm-bindgen,_ZNKSt3__220__time_get_c_storageIcE3__XEv
wasm-bindgen,__subsf3
wasm-bindgen,btKinematicCharacterController_jump
wasm-bindgen,AllConvexResultCallback_get_m_hitPointWorld
wasm-bindgen,_ZNSt3__212system_errorC1ENS_10error_codeEPKc
wasm-bindgen,_ZNKSt3__28numpunctIcE11do_groupingEv
wasm-bindgen,_ZNKSt3__27codecvtIwc11__mbstate_tE9do_lengthERS1_PKcS5_m
wasm-bindgen,_ZNSt3__25ctypeIcED2Ev
wasm-bindgen,ClosestRayResultCallback_get_m_hitPointWorld
wasm-bindgen,_ZNKSt3__212basic_stringIwNS_11char_traitsIwEENS_9allocatorIwEEE7compareEPKw
wasm-bindgen,_ZNKSt3__27codecvtIDic11__mbstate_tE6do_outERS1_PKDiS5_RS5_PcS7_RS7_
wasm-bindgen,_ZNSt3__218condition_variableD2Ev
wasm-bindgen,_ZNSt3__215basic_streambufIcNS_11char_traitsIcEEEC1ERKS3_
wasm-bindgen,_ZNKSt3__28time_getIcNS_19istreambuf_iteratorIcNS_11char_traitsIcEEEEE13__get_weekdayERiRS4_S4_RjRKNS_5ctypeIcEE
wasm-bindgen,btPersistentManifold_getBody0
wasm-bindgen,_ZNSt3__213basic_istreamIwNS_11char_traitsIwEEErsERi
wasm-bindgen,_ZNSt3__213basic_ostreamIwNS_11char_traitsIwEEElsEe
wasm-bindgen,_ZNKSt3__27codecvtIwc11__mbstate_tE13do_max_lengthEv
wasm-bindgen,_ZNKSt3__217moneypunct_bynameIcLb0EE13do_pos_formatEv
wasm-bindgen,_ZNKSt3__212basic_stringIcNS_11char_traitsIcEENS_9allocatorIcEEE5rfindEcm
wasm-bindgen,btVector3_z
wasm-bindgen,_ZdaPv
wasm-bindgen,_ZNSt3__213basic_istreamIwNS_11char_traitsIwEEE5tellgEv
wasm-bindgen,_ZNKSt3__215__codecvt_utf16IwLb1EE5do_inER11__mbstate_tPKcS5_RS5_PwS7_RS7_
wasm-bindgen,_ZNSt3__29to_stringEm
wasm-bindgen,_ZNKSt3__215__codecvt_utf16IwLb1EE13do_max_lengthEv
wasm-bindgen,_ZNSt3__215numpunct_bynameIcEC1EPKcm
wasm-bindgen,_ZNSt3__215numpunct_bynameIcED2Ev
wasm-bindgen,_ZNSt3__213basic_istreamIcNS_11char_traitsIcEEED0Ev
wasm-bindgen,_ZNKSt3__210moneypunctIwLb1EE14do_curr_symbolEv
wasm-bindgen,_ZNSt9bad_allocC1Ev
wasm-bindgen,_ZNSt3__25ctypeIcE13classic_tableEv
wasm-bindgen,_ZNSt3__212system_errorD0Ev
wasm-bindgen,_ZnwmSt11align_val_t
wasm-bindgen,__floattidf
wasm-bindgen,_ZNSt3__218__time_get_storageIwEC2ERKNS_12basic_stringIcNS_11char_traitsIcEENS_9allocatorIcEEEE
wasm-bindgen,ConvexResultCallback_get_m_closestHitFraction
wasm-bindgen,btCollisionWorld_destroy
wasm-bindgen,_ZNSt16nested_exceptionC1Ev
wasm-bindgen,btTransform_create
wasm-bindgen,__fixunsdfdi
wasm-bindgen,_ZNKSt3__217moneypunct_bynameIcLb0EE13do_neg_formatEv
wasm-bindgen,_ZNSt3__216__narrow_to_utf8ILm32EED0Ev
wasm-bindgen,get_difference
wasm-bindgen,__cxa_deleted_virtual
wasm-bindgen,btKinematicCharacterController_setWalkDirection
wasm-bindgen,_ZNSt14overflow_errorD2Ev
wasm-bindgen,_ZNKSt3__220__codecvt_utf8_utf16IDiE11do_encodingEv
wasm-bindgen,_ZNKSt3__210moneypunctIwLb0EE14do_frac_digitsEv
wasm-bindgen,dealloc
wasm-bindgen,fact_str
wasm-bindgen,_ZNSt3__212basic_stringIwNS_11char_traitsIwEENS_9allocatorIwEEE6assignERKS5_mm
wasm-bindgen,_ZNKSt3__28time_getIcNS_19istreambuf_iteratorIcNS_11char_traitsIcEEEEE15__get_monthnameERiRS4_S4_RjRKNS_5ctypeIcEE
wasm-bindgen,_ZNKSt3__210moneypunctIcLb1EE13do_neg_formatEv
wasm-bindgen,_ZNSt3__215basic_streambufIwNS_11char_traitsIwEEE7seekposENS_4fposI11__mbstate_tEEj
wasm-bindgen,_ZNKSt3__28numpunctIwE11do_groupingEv
wasm-bindgen,_ZNKSt3__29__num_getIwE12__do_widen_pERNS_8ios_baseEPc
wasm-bindgen,_ZNSt3__26__sortIRNS_6__lessIwwEEPwEEvT0_S5_T_
wasm-bindgen,_ZNSt3__213basic_istreamIwNS_11char_traitsIwEEErsERf
wasm-bindgen,btDispatcher_getNumManifolds
wasm-bindgen,_ZNSt3__25ctypeIcED1Ev
wasm-bindgen,__fixunssfsi
wasm-bindgen,_ZNSt3__217__assoc_sub_state16__on_zero_sharedEv
wasm-bindgen,btTransform_equal
wasm-bindgen,__cxa_guard_abort
wasm-bindgen,_ZNKSt3__214__codecvt_utf8IwE16do_always_noconvEv
wasm-bindgen,_ZNSt3__215basic_streambufIwNS_11char_traitsIwEEED0Ev
wasm-bindgen,_ZNSt3__225notify_all_at_thread_exitERNS_18condition_variableENS_11unique_lockINS_5mutexEEE
wasm-bindgen,_ZNKSt3__210moneypunctIcLb1EE16do_thousands_sepEv
wasm-bindgen,_ZNSt3__215numpunct_bynameIwED1Ev
wasm-bindgen,_ZNSt13runtime_errorC2ERKNSt3__212basic_stringIcNS0_11char_traitsIcEENS0_9allocatorIcEEEE
wasm-bindgen,_ZNSt3__212__rs_defaultC1Ev
wasm-bindgen,_ZNKSt3__27codecvtIDic11__mbstate_tE13do_max_lengthEv
wasm-bindgen,__ashrti3
wasm-bindgen,_ZNSt3__210__time_getC2ERKNS_12basic_stringIcNS_11char_traitsIcEENS_9allocatorIcEEEE
wasm-bindgen,_ZNSt3__212basic_stringIwNS_11char_traitsIwEENS_9allocatorIwEEED1Ev
wasm-bindgen,__cxa_uncaught_exceptions
wasm-bindgen,_ZNKSt3__27codecvtIDsc11__mbstate_tE5do_inERS1_PKcS5_RS5_PDsS7_RS7_
wasm-bindgen,_ZNSt3__227__insertion_sort_incompleteIRNS_6__lessIxxEEPxEEbT0_S5_T_
wasm-bindgen,_ZNSt3__213basic_istreamIwNS_11char_traitsIwEEE8readsomeEPwl
wasm-bindgen,_ZNKSt3__220__vector_base_commonILb1EE20__throw_length_errorEv
wasm-bindgen,_ZNKSt3__28numpunctIwE16do_decimal_pointEv
wasm-bindgen,_ZNSt3__29__num_getIcE17__stage2_int_loopEciPcRS2_RjcRKNS_12basic_stringIcNS_11char_traitsIcEENS_9allocatorIcEEEEPjRSD_PKc
wasm-bindgen,_ZNSt3__215basic_streambufIcNS_11char_traitsIcEEED0Ev
wasm-bindgen,tBtCollisionObjectArray_size
wasm-bindgen,_ZNKSt3__210moneypunctIwLb0EE16do_positive_signEv
wasm-bindgen,_ZNKSt3__215__codecvt_utf16IDsLb0EE6do_outER11__mbstate_tPKDsS5_RS5_PcS7_RS7_
wasm-bindgen,_ZNSt3__212basic_stringIwNS_11char_traitsIwEENS_9allocatorIwEEE7replaceEmmPKwm
wasm-bindgen,_ZNKSt3__220__codecvt_utf8_utf16IDiE6do_outER11__mbstate_tPKDiS5_RS5_PcS7_RS7_
wasm-bindgen,_ZNSt3__218__time_get_storageIcEC2ERKNS_12basic_stringIcNS_11char_traitsIcEENS_9allocatorIcEEEE
wasm-bindgen,__cxa_uncaught_exception
wasm-bindgen,_ZSt17current_exceptionv
wasm-bindgen,btCollisionObject_setActivationState
wasm-bindgen,_ZNSt3__213basic_ostreamIwNS_11char_traitsIwEEElsEm
wasm-bindgen,_ZdaPvm
wasm-bindgen,_ZNKSt8bad_cast4whatEv
wasm-bindgen,_ZNSt3__27codecvtIDsc11__mbstate_tED0Ev
wasm-bindgen,_ZNSt3__212basic_stringIwNS_11char_traitsIwEENS_9allocatorIwEEE6appendERKS5_mm
wasm-bindgen,_ZNKSt3__25ctypeIwE8do_widenEc
wasm-bindgen,ClosestRayResultCallback_set_m_rayFromWorld
wasm-bindgen,_ZNKSt3__28messagesIwE7do_openERKNS_12basic_stringIcNS_11char_traitsIcEENS_9allocatorIcEEEERKNS_6localeE
wasm-bindgen,ClosestRayResultCallback_get_m_rayFromWorld
wasm-bindgen,_ZNKSt3__25ctypeIcE9do_narrowEPKcS3_cPc
wasm-bindgen,tVector3Array_clear
wasm-bindgen,_ZNKSt3__28time_getIcNS_19istreambuf_iteratorIcNS_11char_traitsIcEEEEE3getES4_S4_RNS_8ios_baseERjP2tmPKcSC_
wasm-bindgen,_ZNSt3__213basic_istreamIcNS_11char_traitsIcEEE4readEPcl
wasm-bindgen,_ZNKSt3__28time_getIcNS_19istreambuf_iteratorIcNS_11char_traitsIcEEEEE11__get_year4ERiRS4_S4_RjRKNS_5ctypeIcEE
wasm-bindgen,_ZNKSt3__27num_getIcNS_19istreambuf_iteratorIcNS_11char_traitsIcEEEEE6do_getES4_S4_RNS_8ios_baseERjRf
wasm-bindgen,_ZNSt13runtime_errorC2ERKS_
wasm-bindgen,btCollisionWorld_removeCollisionObject
wasm-bindgen,_ZNKSt3__27num_putIcNS_19ostreambuf_iteratorIcNS_11char_traitsIcEEEEE6do_putES4_RNS_8ios_baseEcy
wasm-bindgen,btCollisionWorld_addCollisionObject
wasm-bindgen,_ZNKSt3__27num_putIcNS_19ostreambuf_iteratorIcNS_11char_traitsIcEEEEE6do_putES4_RNS_8ios_baseEcb
wasm-bindgen,_ZNSt3__213basic_istreamIwNS_11char_traitsIwEEE6sentryC1ERS3_b
wasm-bindgen,_ZNSt3__214codecvt_bynameIDic11__mbstate_tED1Ev
wasm-bindgen,_ZnwmRKSt9nothrow_t
wasm-bindgen,_ZNSt9exceptionD2Ev
wasm-bindgen,_ZNSt3__213basic_ostreamIwNS_11char_traitsIwEEElsEl
wasm-bindgen,_ZNSt3__211timed_mutex8try_lockEv
wasm-bindgen,_ZNKSt3__28time_getIcNS_19istreambuf_iteratorIcNS_11char_traitsIcEEEEE12__get_minuteERiRS4_S4_RjRKNS_5ctypeIcEE
wasm-bindgen,_ZNSt3__213basic_istreamIcNS_11char_traitsIcEEE3getERNS_15basic_streambufIcS2_EEc
wasm-bindgen,_ZNSt3__212__do_nothingEPv
wasm-bindgen,_ZNSt3__28ios_base7copyfmtERKS0_
wasm-bindgen,_ZNSt3__227__insertion_sort_incompleteIRNS_6__lessIttEEPtEEbT0_S5_T_
wasm-bindgen,_ZNKSt3__220__codecvt_utf8_utf16IDsE6do_outER11__mbstate_tPKDsS5_RS5_PcS7_RS7_
wasm-bindgen,_ZNSt3__215basic_streambufIcNS_11char_traitsIcEEE5uflowEv
wasm-bindgen,_ZNSt3__26localeC1ERKS0_
wasm-bindgen,_ZNSt3__24stoiERKNS_12basic_stringIwNS_11char_traitsIwEENS_9allocatorIwEEEEPmi
wasm-bindgen,_ZNSt3__26__sortIRNS_6__lessIssEEPsEEvT0_S5_T_
wasm-bindgen,_ZNSt3__215basic_streambufIcNS_11char_traitsIcEEEC2ERKS3_
wasm-bindgen,_ZNSt3__212ctype_bynameIwEC1ERKNS_12basic_stringIcNS_11char_traitsIcEENS_9allocatorIcEEEEm
wasm-bindgen,_ZNSt3__215numpunct_bynameIwEC2ERKNS_12basic_stringIcNS_11char_traitsIcEENS_9allocatorIcEEEEm
wasm-bindgen,_ZNSt3__215recursive_mutexD2Ev
wasm-bindgen,_ZNSt3__29__num_getIcE19__stage2_float_prepERNS_8ios_baseEPcRcS5_
wasm-bindgen,_Znwm
wasm-bindgen,_ZNKSt3__212ctype_bynameIwE5do_isEPKwS3_Pm
wasm-bindgen,_ZNKSt3__210moneypunctIwLb1EE16do_thousands_sepEv
wasm-bindgen,_ZNSt13runtime_errorC1EPKc
wasm-bindgen,free_mappings
wasm-bindgen,AllHitsRayResultCallback_get_m_collisionObjects
wasm-bindgen,btRigidBody_setSleepingThresholds
wasm-bindgen,_ZNSt3__28numpunctIwED2Ev
wasm-bindgen,_ZNSt3__215basic_streambufIwNS_11char_traitsIwEEE5uflowEv
wasm-bindgen,_ZNKSt3__28numpunctIwE11do_truenameEv
wasm-bindgen,_ZNSt3__26__sortIRNS_6__lessIffEEPfEEvT0_S5_T_
wasm-bindgen,_ZNSt3__212future_errorD1Ev
wasm-bindgen,_ZNSt3__213basic_ostreamIwNS_11char_traitsIwEEE6sentryD1Ev
wasm-bindgen,_ZNSt3__28ios_base7failureD0Ev
wasm-bindgen,_ZNSt3__25mutexD1Ev
wasm-bindgen,_ZSt19uncaught_exceptionsv
wasm-bindgen,btCylinderShape_create
wasm-bindgen,_ZNKSt3__28numpunctIcE16do_thousands_sepEv
wasm-bindgen,_ZNSt3__28__sp_mut4lockEv
wasm-bindgen,_ZNSt3__28numpunctIcED0Ev
wasm-bindgen,_ZNKSt3__27codecvtIwc11__mbstate_tE5do_inERS1_PKcS5_RS5_PwS7_RS7_
wasm-bindgen,dealloc_str
wasm-bindgen,_ZNSt3__212__rs_defaultclEv
wasm-bindgen,_ZNSt3__213basic_istreamIcNS_11char_traitsIcEEErsERj
wasm-bindgen,__floatundidf
wasm-bindgen,_ZNKSt3__26localeeqERKS0_
wasm-bindgen,btDiscreteDynamicsWorld_stepSimulation
wasm-bindgen,_ZNKSt3__214__codecvt_utf8IwE6do_outER11__mbstate_tPKwS5_RS5_PcS7_RS7_
wasm-bindgen,_ZNKSt3__28time_getIwNS_19istreambuf_iteratorIwNS_11char_traitsIwEEEEE3getES4_S4_RNS_8ios_baseERjP2tmPKwSC_
wasm-bindgen,btRigidBody_setLinearVelocity
wasm-bindgen,btCollisionObject_setWorldTransform
wasm-bindgen,_ZNKSt3__220__codecvt_utf8_utf16IDsE13do_max_lengthEv
wasm-bindgen,btDbvtBroadphase_destroy
wasm-bindgen,__divdi3
wasm-bindgen,_ZNSt3__24stoiERKNS_12basic_stringIcNS_11char_traitsIcEENS_9allocatorIcEEEEPmi
wasm-bindgen,_ZThn8_NSt3__214basic_iostreamIcNS_11char_traitsIcEEED0Ev
wasm-bindgen,_ZNKSt3__28time_getIcNS_19istreambuf_iteratorIcNS_11char_traitsIcEEEEE6do_getES4_S4_RNS_8ios_baseERjP2tmcc
wasm-bindgen,_ZNKSt3__218__time_get_storageIcE15__do_date_orderEv
wasm-bindgen,_ZdaPvmSt11align_val_t
wasm-bindgen,_ZNSt3__28ios_base5pwordEi
wasm-bindgen,_ZNSt16nested_exceptionC2Ev
wasm-bindgen,_ZNSt3__213basic_istreamIcNS_11char_traitsIcEEE5ungetEv
wasm-bindgen,_ZNSt14overflow_errorD0Ev
wasm-bindgen,_ZNKSt3__214__codecvt_utf8IwE5do_inER11__mbstate_tPKcS5_RS5_PwS7_RS7_
wasm-bindgen,ConvexResultCallback_hasHit
wasm-bindgen,_ZNKSt3__27num_getIcNS_19istreambuf_iteratorIcNS_11char_traitsIcEEEEE6do_getES4_S4_RNS_8ios_baseERjRd
wasm-bindgen,_ZNKSt3__214collate_bynameIwE12do_transformEPKwS3_
wasm-bindgen,_ZNSt3__212basic_stringIcNS_11char_traitsIcEENS_9allocatorIcEEE6__initEPKcmm
wasm-bindgen,_ZNSt3__26futureIvED1Ev
wasm-bindgen,_ZNKSt3__27codecvtIDsc11__mbstate_tE11do_encodingEv
wasm-bindgen,_ZNKSt3__217moneypunct_bynameIcLb1EE16do_decimal_pointEv
wasm-bindgen,_ZNSt3__221recursive_timed_mutex8try_lockEv
wasm-bindgen,_ZNSt3__216generic_categoryEv
wasm-bindgen,ClosestConvexResultCallback_get_m_hitCollisionObject
wasm-bindgen,_ZNKSt3__27codecvtIDic11__mbstate_tE11do_encodingEv
wasm-bindgen,_ZNKSt3__28time_getIcNS_19istreambuf_iteratorIcNS_11char_traitsIcEEEEE18__get_day_year_numERiRS4_S4_RjRKNS_5ctypeIcEE
wasm-bindgen,_ZNKSt3__220__time_get_c_storageIwE3__rEv
wasm-bindgen,_ZNKSt3__25ctypeIcE10do_toupperEPcPKc
wasm-bindgen,_ZNKSt3__27num_getIwNS_19istreambuf_iteratorIwNS_11char_traitsIwEEEEE6do_getES4_S4_RNS_8ios_baseERjRy
wasm-bindgen,btCapsuleShapeX_create
wasm-bindgen,_ZTv0_n12_NSt3__213basic_ostreamIcNS_11char_traitsIcEEED1Ev
wasm-bindgen,__cxa_current_primary_exception
wasm-bindgen,_ZNKSt3__217moneypunct_bynameIwLb1EE11do_groupingEv
wasm-bindgen,_ZNSt3__221recursive_timed_mutex4lockEv
wasm-bindgen,_ZNSt13runtime_errorC1ERKS_
wasm-bindgen,__muldf3
wasm-bindgen,_ZNSt3__213basic_istreamIcNS_11char_traitsIcEEErsERy
wasm-bindgen,AllHitsRayResultCallback_get_m_rayToWorld
wasm-bindgen,_ZNKSt3__210moneypunctIwLb0EE14do_curr_symbolEv
wasm-bindgen,_ZNSt3__213basic_istreamIcNS_11char_traitsIcEEE5tellgEv
wasm-bindgen,_ZNKSt3__220__codecvt_utf8_utf16IDiE16do_always_noconvEv
wasm-bindgen,_ZNSt3__213basic_istreamIwNS_11char_traitsIwEEErsERe
wasm-bindgen,get_last_error
wasm-bindgen,_ZNKSt3__210moneypunctIwLb1EE16do_negative_signEv
wasm-bindgen,_ZNKSt3__214__codecvt_utf8IDiE10do_unshiftER11__mbstate_tPcS4_RS4_
wasm-bindgen,_ZNKSt3__210moneypunctIcLb0EE14do_curr_symbolEv
wasm-bindgen,_ZNSt8bad_castD1Ev
wasm-bindgen,__wbindgen_exn_store
wasm-bindgen,_ZNSt3__213basic_ostreamIwNS_11char_traitsIwEEElsEPKv
wasm-bindgen,_ZNKSt3__212basic_stringIcNS_11char_traitsIcEENS_9allocatorIcEEE17find_first_not_ofEPKcmm
wasm-bindgen,btTriangleMesh_create
wasm-bindgen,btRigidBody_setAngularVelocity
wasm-bindgen,_ZNSt3__214collate_bynameIwED2Ev
wasm-bindgen,_ZNKSt3__25ctypeIcE10do_toupperEc
wasm-bindgen,_ZNSt3__221__undeclare_reachableEPv
wasm-bindgen,btManifoldPoint_get_m_positionWorldOnB
wasm-bindgen,_ZNKSt3__210moneypunctIwLb0EE13do_neg_formatEv
wasm-bindgen,_ZNSt3__26localeC1ERKS0_PKci
wasm-bindgen,_ZNSt3__212basic_stringIcNS_11char_traitsIcEENS_9allocatorIcEEED1Ev
wasm-bindgen,btCollisionObject_setUserIndex
wasm-bindgen,btDynamicsWorld_addAction
wasm-bindgen,_ZNKSt3__217moneypunct_bynameIcLb1EE14do_frac_digitsEv
wasm-bindgen,_ZNSt3__227__insertion_sort_incompleteIRNS_6__lessIaaEEPaEEbT0_S5_T_
wasm-bindgen,_ZNKSt3__214__codecvt_utf8IwE9do_lengthER11__mbstate_tPKcS5_m
wasm-bindgen,_ZNKSt3__212basic_stringIwNS_11char_traitsIwEENS_9allocatorIwEEE12find_last_ofEPKwmm
wasm-bindgen,_ZNSt3__212__rs_defaultC1ERKS0_
wasm-bindgen,_ZNKSt3__27collateIwE7do_hashEPKwS3_
wasm-bindgen,tScalarArray_clear
wasm-bindgen,_ZNKSt3__217moneypunct_bynameIwLb1EE16do_decimal_pointEv
wasm-bindgen,__divdf3
wasm-bindgen,_ZNSt3__217__assoc_sub_state4waitEv
wasm-bindgen,_ZNSt13exception_ptraSERKS_
wasm-bindgen,_ZNSt3__213basic_istreamIwNS_11char_traitsIwEEE3getEPwlw
wasm-bindgen,_ZNSt16invalid_argumentD0Ev
wasm-bindgen,_ZNSt3__26locale5facetD1Ev
wasm-bindgen,_ZSt13get_terminatev
wasm-bindgen,_ZNSt3__212basic_stringIcNS_11char_traitsIcEENS_9allocatorIcEEEC2ERKS5_RKS4_
wasm-bindgen,_ZNSt3__211timed_mutexC1Ev
wasm-bindgen,_ZNSt3__212basic_stringIcNS_11char_traitsIcEENS_9allocatorIcEEE6assignEPKcm
wasm-bindgen,_ZNKSt3__28ios_base6getlocEv
wasm-bindgen,_ZNSt3__215numpunct_bynameIwED2Ev
wasm-bindgen,_ZNSt3__212basic_stringIcNS_11char_traitsIcEENS_9allocatorIcEEE6resizeEmc
wasm-bindgen,_ZNKSt3__215__codecvt_utf16IDiLb0EE13do_max_lengthEv
wasm-bindgen,_ZNSt3__221__throw_runtime_errorEPKc
wasm-bindgen,btRigidBody_getAngularSleepingThreshold
wasm-bindgen,_ZNSt11logic_errorC1ERKNSt3__212basic_stringIcNS0_11char_traitsIcEENS0_9allocatorIcEEEE
wasm-bindgen,_ZNSt3__212ctype_bynameIcEC1EPKcm
wasm-bindgen,btTriangleMesh_addTriangle
wasm-bindgen,_ZNKSt3__27collateIwE12do_transformEPKwS3_
wasm-bindgen,_ZNSt3__26locale6globalERKS0_
wasm-bindgen,__wbg_jsrulesets_free
wasm-bindgen,__divmodsi4
wasm-bindgen,_ZNSt3__219__shared_weak_count14__release_weakEv
wasm-bindgen,_ZNKSt3__217moneypunct_bynameIcLb1EE13do_pos_formatEv
wasm-bindgen,_ZNSt3__212basic_stringIcNS_11char_traitsIcEENS_9allocatorIcEEE6insertENS_11__wrap_iterIPKcEEc
wasm-bindgen,_ZNKSt3__28time_putIcNS_19ostreambuf_iteratorIcNS_11char_traitsIcEEEEE3putES4_RNS_8ios_baseEcPK2tmPKcSC_
wasm-bindgen,_ZNSt3__216__narrow_to_utf8ILm32EED1Ev
wasm-bindgen,_ZNSt3__215basic_streambufIwNS_11char_traitsIwEEE7seekoffExNS_8ios_base7seekdirEj
wasm-bindgen,_ZNSt3__212basic_stringIwNS_11char_traitsIwEENS_9allocatorIwEEE6appendEmw
wasm-bindgen,_ZNKSt3__214collate_bynameIwE10do_compareEPKwS3_S3_S3_
wasm-bindgen,_ZNSt3__211this_thread9sleep_forERKNS_6chrono8durationIxNS_5ratioILx1ELx1000000000EEEEE
wasm-bindgen,_ZTv0_n12_NSt3__213basic_ostreamIwNS_11char_traitsIwEEED0Ev
wasm-bindgen,_ZNSt3__27__sort5IRNS_6__lessIeeEEPeEEjT0_S5_S5_S5_S5_T_
wasm-bindgen,btBoxShape_create
wasm-bindgen,_ZNSt3__26localeC2EPKc
wasm-bindgen,_ZNSt3__26locale5facetD2Ev
wasm-bindgen,_ZNSt3__212basic_stringIwNS_11char_traitsIwEENS_9allocatorIwEEE6__initEPKwmm
wasm-bindgen,_ZNSt9bad_allocD0Ev
wasm-bindgen,_ZNSt12out_of_rangeD1Ev
wasm-bindgen,_ZNSt3__227__insertion_sort_incompleteIRNS_6__lessIhhEEPhEEbT0_S5_T_
wasm-bindgen,_ZNSt9bad_allocD1Ev
wasm-bindgen,_ZNKSt3__27codecvtIwc11__mbstate_tE6do_outERS1_PKwS5_RS5_PcS7_RS7_
wasm-bindgen,_ZNSt3__28ios_base16__call_callbacksENS0_5eventE
wasm-bindgen,_ZNSt3__213basic_istreamIwNS_11char_traitsIwEEErsERj
wasm-bindgen,_ZNSt3__28ios_base5clearEj
wasm-bindgen,_ZNKSt3__215__codecvt_utf16IDiLb1EE16do_always_noconvEv
wasm-bindgen,_ZNSt3__213basic_ostreamIwNS_11char_traitsIwEEElsEb
wasm-bindgen,btTransform_getRotation
wasm-bindgen,_ZSt15get_new_handlerv
wasm-bindgen,_ZNKSt16nested_exception14rethrow_nestedEv
wasm-bindgen,_ZNKSt3__215__codecvt_utf16IwLb1EE6do_outER11__mbstate_tPKwS5_RS5_PcS7_RS7_
wasm-bindgen,_ZNKSt3__27num_putIwNS_19ostreambuf_iteratorIwNS_11char_traitsIwEEEEE6do_putES4_RNS_8ios_baseEwPKv
wasm-bindgen,_ZNKSt3__28time_getIcNS_19istreambuf_iteratorIcNS_11char_traitsIcEEEEE17__get_weekdaynameERiRS4_S4_RjRKNS_5ctypeIcEE
wasm-bindgen,ConvexResultCallback_set_m_collisionFilterGroup
wasm-bindgen,__fixdfdi
wasm-bindgen,_ZNKSt3__212basic_stringIwNS_11char_traitsIwEENS_9allocatorIwEEE5rfindEwm
wasm-bindgen,_ZNSt3__212basic_stringIwNS_11char_traitsIwEENS_9allocatorIwEEEaSEw
wasm-bindgen,_ZNSt3__25mutex6unlockEv
wasm-bindgen,_ZNKSt3__210__time_put8__do_putEPwRS1_PK2tmcc
wasm-bindgen,_ZNSt3__218condition_variableD1Ev
wasm-bindgen,_ZNKSt3__27num_getIwNS_19istreambuf_iteratorIwNS_11char_traitsIwEEEEE6do_getES4_S4_RNS_8ios_baseERjRPv
wasm-bindgen,__fixdfti
wasm-bindgen,_ZNSt3__215system_categoryEv
wasm-bindgen,_ZNSt3__212ctype_bynameIcEC2EPKcm
wasm-bindgen,__divti3
wasm-bindgen,original_location_for
wasm-bindgen,_ZNSt3__212basic_stringIcNS_11char_traitsIcEENS_9allocatorIcEEE6insertEmmc
wasm-bindgen,_ZNSt9bad_allocC2Ev
wasm-bindgen,_ZNSt3__214basic_iostreamIcNS_11char_traitsIcEEED0Ev
wasm-bindgen,_ZNKSt3__28time_getIcNS_19istreambuf_iteratorIcNS_11char_traitsIcEEEEE12__get_secondERiRS4_S4_RjRKNS_5ctypeIcEE
wasm-bindgen,_ZNSt16nested_exceptionD2Ev
wasm-bindgen,_ZNSt3__212__rs_defaultD2Ev
wasm-bindgen,btCollisionObject_setCollisionShape
wasm-bindgen,_ZNSt11range_errorD0Ev
wasm-bindgen,_ZNSt3__213basic_istreamIcNS_11char_traitsIcEEErsERd
wasm-bindgen,_ZNKSt3__25ctypeIcE8do_widenEPKcS3_Pc
wasm-bindgen,_ZNKSt3__25ctypeIcE10do_tolowerEPcPKc
wasm-bindgen,_ZNKSt13runtime_error4whatEv
wasm-bindgen,_ZNSt3__26localeC1ERKNS_12basic_stringIcNS_11char_traitsIcEENS_9allocatorIcEEEE
wasm-bindgen,_ZNSt20bad_array_new_lengthD0Ev
wasm-bindgen,_ZNSt3__214error_categoryD2Ev
wasm-bindgen,_ZNKSt3__214__codecvt_utf8IDsE11do_encodingEv
wasm-bindgen,_ZNSt3__27promiseIvE10get_futureEv
wasm-bindgen,_ZNSt3__27codecvtIcc11__mbstate_tED2Ev
wasm-bindgen,_ZNSt11logic_errorC1EPKc
wasm-bindgen,_ZNKSt3__28time_getIwNS_19istreambuf_iteratorIwNS_11char_traitsIwEEEEE17__get_white_spaceERS4_S4_RjRKNS_5ctypeIwEE
wasm-bindgen,__floatunsisf
wasm-bindgen,_ZNSt10bad_typeidD2Ev
wasm-bindgen,btCollisionObject_destroy
wasm-bindgen,digest
wasm-bindgen,_ZNKSt3__215__codecvt_utf16IDsLb1EE10do_unshiftER11__mbstate_tPcS4_RS4_
wasm-bindgen,_ZNSt3__212future_errorC2ENS_10error_codeE
wasm-bindgen,_ZNSt20bad_array_new_lengthD1Ev
wasm-bindgen,_ZNKSt3__220__time_get_c_storageIwE8__monthsEv
wasm-bindgen,_ZNSt3__212basic_stringIcNS_11char_traitsIcEENS_9allocatorIcEEE7replaceEmmRKS5_mm
wasm-bindgen,_ZnamSt11align_val_t
wasm-bindgen,_ZNSt3__213basic_ostreamIcNS_11char_traitsIcEEElsEd
wasm-bindgen,_ZNSt3__215recursive_mutexC1Ev
wasm-bindgen,by_original_location
wasm-bindgen,_ZNSt3__27collateIwED1Ev
wasm-bindgen,_ZNSt3__210__time_putC1ERKNS_12basic_stringIcNS_11char_traitsIcEENS_9allocatorIcEEEE
wasm-bindgen,_ZNKSt3__212basic_stringIwNS_11char_traitsIwEENS_9allocatorIwEEE4findEPKwmm
wasm-bindgen,_ZNKSt3__220__time_get_c_storageIcE3__rEv
wasm-bindgen,btDiscreteDynamicsWorld_getApplySpeculativeContactRestitution
wasm-bindgen,btSphereShape_create
wasm-bindgen,_ZNSt3__215__thread_structD1Ev
wasm-bindgen,_ZNSt3__215recursive_mutex8try_lockEv
wasm-bindgen,__umodsi3
wasm-bindgen,_ZNSt3__26threadD1Ev
wasm-bindgen,_ZNKSt3__217moneypunct_bynameIcLb0EE11do_groupingEv
wasm-bindgen,_ZNSt3__212system_errorC2EiRKNS_14error_categoryEPKc
wasm-bindgen,btQuaternion_x
wasm-bindgen,_ZNSt3__215basic_streambufIcNS_11char_traitsIcEEE7seekoffExNS_8ios_base7seekdirEj
wasm-bindgen,_ZNKSt3__217moneypunct_bynameIwLb1EE14do_frac_digitsEv
wasm-bindgen,_ZNKSt3__27num_getIwNS_19istreambuf_iteratorIwNS_11char_traitsIwEEEEE6do_getES4_S4_RNS_8ios_baseERjRt
wasm-bindgen,_ZNSt3__27promiseIvED1Ev
wasm-bindgen,_ZNSt3__213basic_ostreamIcNS_11char_traitsIcEEElsEy
wasm-bindgen,_ZNSt3__218condition_variable15__do_timed_waitERNS_11unique_lockINS_5mutexEEENS_6chrono10time_pointINS5_12system_clockENS5_8durationIxNS_5ratioILx1ELx1000000000EEEEEEE
wasm-bindgen,_ZNSt3__212basic_stringIwNS_11char_traitsIwEENS_9allocatorIwEEE21__grow_by_and_replaceEmmmmmmPKw
wasm-bindgen,_ZNKSt3__27num_putIwNS_19ostreambuf_iteratorIwNS_11char_traitsIwEEEEE6do_putES4_RNS_8ios_baseEwl
wasm-bindgen,_ZdaPvSt11align_val_tRKSt9nothrow_t
wasm-bindgen,btRigidBody_setLinearFactor
wasm-bindgen,_ZNKSt3__25ctypeIwE10do_scan_isEmPKwS3_
wasm-bindgen,_ZNKSt3__215__codecvt_utf16IwLb0EE9do_lengthER11__mbstate_tPKcS5_m
wasm-bindgen,btCollisionObject_getCollisionFlags
wasm-bindgen,ClosestRayResultCallback_get_m_rayToWorld
wasm-bindgen,_ZNSt3__29__num_putIwE23__widen_and_group_floatEPcS2_S2_PwRS3_S4_RKNS_6localeE
wasm-bindgen,_ZNKSt3__215__codecvt_utf16IDiLb1EE13do_max_lengthEv
wasm-bindgen,_ZNKSt3__27codecvtIcc11__mbstate_tE9do_lengthERS1_PKcS5_m
wasm-bindgen,_ZNSt3__227__insertion_sort_incompleteIRNS_6__lessIyyEEPyEEbT0_S5_T_
wasm-bindgen,_ZNSt3__212basic_stringIcNS_11char_traitsIcEENS_9allocatorIcEEEC1ERKS5_
wasm-bindgen,_ZThn8_NSt3__214basic_iostreamIcNS_11char_traitsIcEEED1Ev
wasm-bindgen,_ZNSt3__214collate_bynameIcEC2ERKNS_12basic_stringIcNS_11char_traitsIcEENS_9allocatorIcEEEEm
wasm-bindgen,btRigidBody_applyCentralImpulse
wasm-bindgen,btDefaultCollisionConfiguration_destroy
wasm-bindgen,_ZNSt3__212basic_stringIcNS_11char_traitsIcEENS_9allocatorIcEEE7reserveEm
wasm-bindgen,_ZNSt3__29__num_putIwE21__widen_and_group_intEPcS2_S2_PwRS3_S4_RKNS_6localeE
wasm-bindgen,allocate_mappings
wasm-bindgen,_ZNKSt3__212basic_stringIcNS_11char_traitsIcEENS_9allocatorIcEEE4findEcm
wasm-bindgen,_ZNSt3__24stolERKNS_12basic_stringIwNS_11char_traitsIwEENS_9allocatorIwEEEEPmi
wasm-bindgen,_ZNSt3__214codecvt_bynameIDsc11__mbstate_tED0Ev
wasm-bindgen,_ZNSt3__213basic_ostreamIcNS_11char_traitsIcEEE3putEc
wasm-bindgen,_ZNSt3__212system_errorC1ENS_10error_codeERKNS_12basic_stringIcNS_11char_traitsIcEENS_9allocatorIcEEEE
wasm-bindgen,_ZNSt9type_infoD0Ev
wasm-bindgen,_ZNSt3__215basic_streambufIcNS_11char_traitsIcEEEC1Ev
wasm-bindgen,_ZNKSt3__25ctypeIwE10do_toupperEPwPKw
wasm-bindgen,_ZNSt3__214collate_bynameIwEC2EPKcm
wasm-bindgen,_ZNKSt3__220__time_get_c_storageIcE3__xEv
wasm-bindgen,_ZNSt3__214__num_get_base10__get_baseERNS_8ios_baseE
wasm-bindgen,_ZNKSt3__28time_getIwNS_19istreambuf_iteratorIwNS_11char_traitsIwEEEEE17__get_weekdaynameERiRS4_S4_RjRKNS_5ctypeIwEE
wasm-bindgen,_ZNSt9bad_allocD2Ev
wasm-bindgen,_ZNSt3__215basic_streambufIwNS_11char_traitsIwEEEC2ERKS3_
wasm-bindgen,_ZNSt3__28numpunctIwEC2Em
wasm-bindgen,_ZNKSt3__27num_getIcNS_19istreambuf_iteratorIcNS_11char_traitsIcEEEEE6do_getES4_S4_RNS_8ios_baseERjRl
wasm-bindgen,_ZNKSt3__28numpunctIcE11do_truenameEv
wasm-bindgen,_ZNKSt3__29money_putIwNS_19ostreambuf_iteratorIwNS_11char_traitsIwEEEEE6do_putES4_bRNS_8ios_baseEwe
wasm-bindgen,_ZNSt3__216__narrow_to_utf8ILm16EED1Ev
wasm-bindgen,_ZNKSt3__210moneypunctIcLb0EE11do_groupingEv
wasm-bindgen,_ZNSt3__212future_errorC1ENS_10error_codeE
wasm-bindgen,_ZNSt10bad_typeidC2Ev
wasm-bindgen,_ZNKSt3__27codecvtIDic11__mbstate_tE9do_lengthERS1_PKcS5_m
wasm-bindgen,_ZNSt3__213basic_istreamIwNS_11char_traitsIwEEED2Ev
wasm-bindgen,__cxa_get_globals_fast
wasm-bindgen,btRigidBody_getFlags
wasm-bindgen,_ZNKSt3__28time_putIcNS_19ostreambuf_iteratorIcNS_11char_traitsIcEEEEE6do_putES4_RNS_8ios_baseEcPK2tmcc
wasm-bindgen,_ZNSt3__211timed_mutexD2Ev
wasm-bindgen,_ZNSt3__214codecvt_bynameIwc11__mbstate_tED2Ev
wasm-bindgen,_ZNKSt3__29money_getIcNS_19istreambuf_iteratorIcNS_11char_traitsIcEEEEE6do_getES4_S4_bRNS_8ios_baseERjRe
wasm-bindgen,_ZNSt3__27promiseIvEC2Ev
wasm-bindgen,_ZNSt3__212ctype_bynameIcED0Ev
wasm-bindgen,btTransform_getOrigin
wasm-bindgen,_ZNSt3__211timed_mutexC2Ev
wasm-bindgen,_ZNKSt3__29__num_getIcE12__do_widen_pERNS_8ios_baseEPc
wasm-bindgen,_ZNSt3__212basic_stringIcNS_11char_traitsIcEENS_9allocatorIcEEEaSERKS5_
wasm-bindgen,btTransform_setOrigin
wasm-bindgen,_ZNSt3__219__thread_local_dataEv
wasm-bindgen,__wbindgen_free
wasm-bindgen,_ZNSt3__28numpunctIwEC1Em
wasm-bindgen,_ZNKSt3__215__codecvt_utf16IDiLb0EE16do_always_noconvEv
wasm-bindgen,_ZNSt3__213basic_istreamIwNS_11char_traitsIwEEErsERd
wasm-bindgen,_ZNSt3__213basic_istreamIwNS_11char_traitsIwEEErsERt
wasm-bindgen,_ZNSt3__26__sortIRNS_6__lessIttEEPtEEvT0_S5_T_
wasm-bindgen,_ZNSt3__213basic_istreamIcNS_11char_traitsIcEEErsERl
wasm-bindgen,btCylinderShapeX_create
wasm-bindgen,btCollisionObject_getCcdMotionThreshold
wasm-bindgen,_ZNSt3__27promiseIvE13set_exceptionESt13exception_ptr
wasm-bindgen,btRigidBody_setDamping
wasm-bindgen,_ZNSt3__213shared_futureIvED2Ev
wasm-bindgen,btCapsuleShape_create
wasm-bindgen,_ZNKSt3__212basic_stringIwNS_11char_traitsIwEENS_9allocatorIwEEE4copyEPwmm
wasm-bindgen,_ZNSt3__213basic_ostreamIwNS_11char_traitsIwEEE5writeEPKwl
wasm-bindgen,_ZdlPvRKSt9nothrow_t
wasm-bindgen,_ZNSt3__212ctype_bynameIcED1Ev
wasm-bindgen,_ZNKSt3__210error_code7messageEv
wasm-bindgen,_ZNSt3__217moneypunct_bynameIcLb0EE4initEPKc
wasm-bindgen,_ZNSt3__212basic_stringIwNS_11char_traitsIwEENS_9allocatorIwEEE6insertEmRKS5_mm
wasm-bindgen,_ZNKSt3__212basic_stringIcNS_11char_traitsIcEENS_9allocatorIcEEE7compareEPKc
wasm-bindgen,_ZNSt3__212system_errorD1Ev
wasm-bindgen,_ZNKSt3__28time_putIwNS_19ostreambuf_iteratorIwNS_11char_traitsIwEEEEE3putES4_RNS_8ios_baseEwPK2tmPKwSC_
wasm-bindgen,_ZNKSt3__28time_getIwNS_19istreambuf_iteratorIwNS_11char_traitsIwEEEEE12__get_secondERiRS4_S4_RjRKNS_5ctypeIwEE
wasm-bindgen,_ZNSt3__27collateIwED0Ev
wasm-bindgen,_ZNSt12out_of_rangeD2Ev
wasm-bindgen,btCollisionShape_calculateLocalInertia
wasm-bindgen,_ZNSt3__25stollERKNS_12basic_stringIwNS_11char_traitsIwEENS_9allocatorIwEEEEPmi
wasm-bindgen,_ZNKSt3__26locale9use_facetERNS0_2idE
wasm-bindgen,_ZNSt3__25stoulERKNS_12basic_stringIcNS_11char_traitsIcEENS_9allocatorIcEEEEPmi
wasm-bindgen,btPersistentManifold_getContactPoint
wasm-bindgen,_ZNSt3__26stoullERKNS_12basic_stringIcNS_11char_traitsIcEENS_9allocatorIcEEEEPmi
wasm-bindgen,_ZNSt3__212future_errorD2Ev
wasm-bindgen,_ZNSt3__215__thread_structC2Ev
wasm-bindgen,_ZNSt3__210__time_putC2EPKc
wasm-bindgen,AllConvexResultCallback_create
wasm-bindgen,_ZNKSt3__28time_getIwNS_19istreambuf_iteratorIwNS_11char_traitsIwEEEEE6do_getES4_S4_RNS_8ios_baseERjP2tmcc
wasm-bindgen,_ZNKSt3__210moneypunctIwLb1EE14do_frac_digitsEv
wasm-bindgen,__wbindgen_malloc
wasm-bindgen,ClosestRayResultCallback_set_m_rayToWorld
wasm-bindgen,_ZNSt3__213basic_ostreamIwNS_11char_traitsIwEEElsEPNS_15basic_streambufIwS2_EE
wasm-bindgen,_ZNSt3__212basic_stringIcNS_11char_traitsIcEENS_9allocatorIcEEE21__grow_by_and_replaceEmmmmmmPKc
wasm-bindgen,_ZNKSt3__215__codecvt_utf16IwLb1EE9do_lengthER11__mbstate_tPKcS5_m
wasm-bindgen,_ZNSt3__214__shared_countD0Ev
wasm-bindgen,add_one
wasm-bindgen,btDynamicsWorld_getSolverInfo
wasm-bindgen,_ZNKSt3__215__codecvt_utf16IwLb0EE6do_outER11__mbstate_tPKwS5_RS5_PcS7_RS7_
wasm-bindgen,_ZNSt3__214codecvt_bynameIDic11__mbstate_tED2Ev
wasm-bindgen,_ZNSt3__211__call_onceERVmPvPFvS2_E
wasm-bindgen,_ZNKSt3__27num_putIcNS_19ostreambuf_iteratorIcNS_11char_traitsIcEEEEE6do_putES4_RNS_8ios_baseEce
wasm-bindgen,_ZNSt3__215numpunct_bynameIcE6__initEPKc
wasm-bindgen,_ZNSt3__212basic_stringIwNS_11char_traitsIwEENS_9allocatorIwEEE7reserveEm
wasm-bindgen,_ZdaPvRKSt9nothrow_t
wasm-bindgen,_ZNSt3__212basic_stringIcNS_11char_traitsIcEENS_9allocatorIcEEE6appendEPKcm
wasm-bindgen,_ZNKSt3__212ctype_bynameIwE10do_tolowerEw
wasm-bindgen,btRigidBody_setAngularFactor
wasm-bindgen,_ZNSt3__211__money_putIcE13__gather_infoEbbRKNS_6localeERNS_10money_base7patternERcS8_RNS_12basic_stringIcNS_11char_traitsIcEENS_9allocatorIcEEEESF_SF_Ri
wasm-bindgen,_ZNSt3__215basic_streambufIwNS_11char_traitsIwEEE9showmanycEv
wasm-bindgen,_ZNSt3__215basic_streambufIwNS_11char_traitsIwEEE5imbueERKNS_6localeE
wasm-bindgen,_ZNSt3__216__narrow_to_utf8ILm32EED2Ev
wasm-bindgen,_ZNSt3__213basic_istreamIcNS_11char_traitsIcEEErsERe
wasm-bindgen,_ZNSt3__212system_errorC2ENS_10error_codeEPKc
wasm-bindgen,btRigidBody_getTotalTorque
wasm-bindgen,_ZNSt3__26threadD2Ev
wasm-bindgen,_ZNSt3__212basic_stringIwNS_11char_traitsIwEENS_9allocatorIwEEEC2ERKS5_mmRKS4_
wasm-bindgen,_ZNKSt3__28time_getIwNS_19istreambuf_iteratorIwNS_11char_traitsIwEEEEE13__get_12_hourERiRS4_S4_RjRKNS_5ctypeIwEE
wasm-bindgen,_ZNSt3__213basic_istreamIwNS_11char_traitsIwEEErsERPv
wasm-bindgen,_ZNSt3__210__time_getD2Ev
wasm-bindgen,_ZNSt3__26__sortIRNS_6__lessIccEEPcEEvT0_S5_T_
wasm-bindgen,_ZNSt3__215__thread_structD2Ev
wasm-bindgen,_ZTv0_n12_NSt3__214basic_iostreamIcNS_11char_traitsIcEEED0Ev
wasm-bindgen,_ZNSt3__212basic_stringIcNS_11char_traitsIcEENS_9allocatorIcEEE6assignERKS5_mm
wasm-bindgen,ClosestConvexResultCallback_get_m_hitNormalWorld
wasm-bindgen,_ZNSt3__218__time_get_storageIcEC2EPKc
wasm-bindgen,_ZNKSt3__215__codecvt_utf16IDsLb0EE16do_always_noconvEv
wasm-bindgen,btCollisionWorld_convexSweepTest
wasm-bindgen,_ZNSt3__213basic_istreamIcNS_11char_traitsIcEEE6ignoreEli
wasm-bindgen,btPersistentManifold_getNumContacts
wasm-bindgen,_ZNKSt3__215__codecvt_utf16IDsLb0EE13do_max_lengthEv
wasm-bindgen,_ZNSt3__211timed_mutex6unlockEv
wasm-bindgen,tBtCollisionObjectArray_clear
wasm-bindgen,_ZNSt3__214codecvt_bynameIcc11__mbstate_tED0Ev
wasm-bindgen,_ZSt14get_unexpectedv
wasm-bindgen,btRigidBody_getLinearVelocity
wasm-bindgen,_ZNKSt3__215__codecvt_utf16IwLb1EE11do_encodingEv
wasm-bindgen,_ZNSt3__27codecvtIcc11__mbstate_tED1Ev
wasm-bindgen,_ZNSt3__212basic_stringIcNS_11char_traitsIcEENS_9allocatorIcEEE6__initEmc
wasm-bindgen,_ZNSt3__212system_errorC1EiRKNS_14error_categoryE
wasm-bindgen,_ZNSt3__219__shared_weak_countD2Ev
wasm-bindgen,_ZNSt3__218__time_get_storageIcEC1ERKNS_12basic_stringIcNS_11char_traitsIcEENS_9allocatorIcEEEE
wasm-bindgen,_ZNSt3__212ctype_bynameIcEC2ERKNS_12basic_stringIcNS_11char_traitsIcEENS_9allocatorIcEEEEm
wasm-bindgen,_ZSt17rethrow_exceptionSt13exception_ptr
wasm-bindgen,_ZNKSt3__217moneypunct_bynameIcLb1EE14do_curr_symbolEv
wasm-bindgen,_ZNKSt3__28time_getIcNS_19istreambuf_iteratorIcNS_11char_traitsIcEEEEE11__get_am_pmERiRS4_S4_RjRKNS_5ctypeIcEE
wasm-bindgen,btCollisionWorld_set_m_useContinuous
wasm-bindgen,_ZNKSt3__220__time_get_c_storageIcE7__am_pmEv
wasm-bindgen,btRigidBody_setCenterOfMassTransform
wasm-bindgen,_ZNKSt3__27collateIcE7do_hashEPKcS3_
wasm-bindgen,_ZNKSt3__214error_category23default_error_conditionEi
wasm-bindgen,_ZNSt3__218condition_variable4waitERNS_11unique_lockINS_5mutexEEE
wasm-bindgen,_ZNKSt3__25ctypeIwE10do_tolowerEw
wasm-bindgen,btCollisionObject_setInterpolationLinearVelocity
wasm-bindgen,_ZNSt3__215basic_streambufIcNS_11char_traitsIcEEE9showmanycEv
wasm-bindgen,_ZNKSt3__28time_getIwNS_19istreambuf_iteratorIwNS_11char_traitsIwEEEEE11do_get_timeES4_S4_RNS_8ios_baseERjP2tm
wasm-bindgen,_ZNKSt3__212basic_stringIwNS_11char_traitsIwEENS_9allocatorIwEEE2atEm
wasm-bindgen,btRigidBody_getLinearSleepingThreshold
wasm-bindgen,_ZNSt3__219__shared_weak_count4lockEv
wasm-bindgen,btRigidBody_applyCentralForce
wasm-bindgen,_ZNSt3__227__insertion_sort_incompleteIRNS_6__lessIllEEPlEEbT0_S5_T_
wasm-bindgen,_ZTv0_n12_NSt3__214basic_iostreamIcNS_11char_traitsIcEEED1Ev
wasm-bindgen,_ZNKSt3__217moneypunct_bynameIwLb0EE16do_positive_signEv
wasm-bindgen,_ZNSt3__217__assoc_sub_state4copyEv
wasm-bindgen,btKinematicCharacterController_setJumpSpeed
wasm-bindgen,_ZNKSt3__25ctypeIwE11do_scan_notEmPKwS3_
wasm-bindgen,_ZNKSt3__220__codecvt_utf8_utf16IDiE10do_unshiftER11__mbstate_tPcS4_RS4_
wasm-bindgen,btRigidBody_getGravity
wasm-bindgen,btKinematicCharacterController_setGravity
wasm-bindgen,_ZNSt3__213basic_istreamIwNS_11char_traitsIwEEE7getlineEPwlw
wasm-bindgen,_ZNSt3__26chrono12system_clock3nowEv
wasm-bindgen,_ZNKSt3__217moneypunct_bynameIwLb1EE14do_curr_symbolEv
wasm-bindgen,_ZNSt3__25mutex4lockEv
