Compiler,ImportFunctions
Emscripten,./js_framework_benchmark_simi.__wbindgen_is_undefined
Emscripten,./js_framework_benchmark_simi.__wbindgen_object_clone_ref
Emscripten,./js_framework_benchmark_simi.__widl_f_create_element_Document
Emscripten,./rust_webpack.__widl_f_insert_before_Node
Emscripten,wasi_unstable.path_rename
Emscripten,env.__cargo_web_snippet_e9638d6405ab65f78daf4a5af9c9de14ecf1e2ec
Emscripten,wasi_unstable.fd_pread
Emscripten,env.__cargo_web_snippet_91749aeb589cd0f9b17cbc01b2872ba709817982
Emscripten,./js_framework_benchmark_simi.__wbg_getRandomValues_5581e85fc6616df6
Emscripten,./js_framework_benchmark_simi.__widl_f_set_attribute_Element
Emscripten,./rust_webpack.__wbindgen_is_undefined
Emscripten,./index.js.__widl_f_tag_name_Element
Emscripten,./js_framework_benchmark_simi.__widl_f_set_text_content_Node
Emscripten,./rust_webpack.__widl_f_body_Document
Emscripten,wbg.__wbg_call_4499dca0c553c196
Emscripten,./rust_webpack.__wbg_new_d87f272aec784ec0
Emscripten,wbg.__wbindgen_string_new
Emscripten,./rust_webpack.__widl_f_create_object_url_with_blob_URL
Emscripten,wbg.__wbg_instanceof_Error_3c415a41cc2164b9
Emscripten,./https_everywhere_lib_wasm.__wbg_add_13b2529fbab4a8fd
Emscripten,./rust_webpack.__wbg_call_8d65200c7bc9d2d9
Emscripten,./https_everywhere_lib_wasm.__wbindgen_is_object
Emscripten,./index.js.__wbg_removeevent_c1c53d84f99418b3
Emscripten,wbg.__wbindgen_closure_wrapper128
Emscripten,wbg.__widl_f_save_CanvasRenderingContext2D
Emscripten,env.__cargo_web_snippet_99c4eefdc8d4cc724135163b8c8665a1f3de99e4
Emscripten,./index.js.__widl_f_set_inner_html_Element
Emscripten,./index.js.__wbindgen_cb_drop
Emscripten,./js_framework_benchmark_simi.__wbindgen_number_get
Emscripten,./js_framework_benchmark_simi.__wbg_self_58232ab37cbe6608
Emscripten,./js_framework_benchmark_simi.__wbindgen_jsval_eq
Emscripten,./rust_webpack.__wbindgen_closure_wrapper263
Emscripten,./index.js.__widl_f_append_child_Node
Emscripten,./rust_webpack.__widl_f_files_HTMLInputElement
Emscripten,env.__cargo_web_snippet_f6358c198ebcc61c9da370cca2679c0b8bc81a7b
Emscripten,./rust_webpack.__wbindgen_closure_wrapper255
Emscripten,./rust_webpack.__widl_f_value_HTMLInputElement
Emscripten,env.__cargo_web_snippet_d34874aef1d1baab55569b93e9039667d4475745
Emscripten,env.__cargo_web_snippet_80d6d56760c65e49b7be8b6b01c1ea861b046bf0
Emscripten,./https_everywhere_lib_wasm.__wbindgen_string_get
Emscripten,wbg.__wbg_resolve_bacd3bf49c19a0f8
Emscripten,./index.js.__widl_f_document_Window
Emscripten,env.__web_on_grow
Emscripten,./https_everywhere_lib_wasm.__wbindgen_is_null
Emscripten,env.performance_now
Emscripten,wbg.__wbindgen_string_get
Emscripten,./index.js.__wbindgen_rethrow
Emscripten,wasi_unstable.path_readlink
Emscripten,wbg.__wbindgen_debug_string
Emscripten,./rust_webpack.__wbg_error_f7214ae7db04600c
Emscripten,env.__cargo_web_snippet_08a3b15e1358700ac92bc556f9e9b8af660fc2c7
Emscripten,wbg.__widl_f_array_buffer_Response
Emscripten,./index.js.__wbg_removeclass_d627271f8d4311f5
Emscripten,./index.js.__widl_f_clone_node_with_deep_Node
Emscripten,env.alert
Emscripten,./index.js.__widl_f_create_element_Document
Emscripten,./rust_webpack.__wbindgen_string_get
Emscripten,LayaAirInteractive.getWorldTransform
Emscripten,wbg.__widl_f_fill_rect_CanvasRenderingContext2D
Emscripten,wasi_unstable.x
Emscripten,./js_framework_benchmark_simi.__widl_f_insert_before_Node
Emscripten,env.__cargo_web_snippet_afafe9a462a05084fec65cacc7d6598e145ff3e3
Emscripten,wbg.__widl_f_body_Document
Emscripten,LayaAirInteractive.setWorldTransform
Emscripten,wasi_unstable.path_open
Emscripten,wbg.__wbg_then_3466ad801fe403b0
Emscripten,./rust_webpack.__widl_instanceof_Response
Emscripten,wbg.__widl_f_has_attribute_Element
Emscripten,./js_framework_benchmark_simi.__widl_f_get_element_by_id_Document
Emscripten,./rust_webpack.__wbg_push_0a46668952b0a616
Emscripten,wbg.__widl_f_encode_with_input_TextEncoder
Emscripten,./index.js.__wbindgen_debug_string
Emscripten,wbg.__wbindgen_closure_wrapper134
Emscripten,./index.js.__wbg_appendchild_66446c0dfd404e41
Emscripten,wbg.__wbg_new_1719c88e1a2035ea
Emscripten,wbg.__widl_instanceof_Response
Emscripten,./rust_webpack.__widl_f_set_attribute_Element
Emscripten,./cardano_wallet_browser.__wbindgen_rethrow
Emscripten,env.__cargo_web_snippet_0e54fd9c163fcf648ce0a395fde4500fd167a40b
Emscripten,./https_everywhere_lib_wasm.__wbg_done_8b0657c71869dd76
Emscripten,./rust_webpack.__wbg_newnoargs_56431a307f4eb856
Emscripten,./https_everywhere_lib_wasm.__wbindgen_is_undefined
Emscripten,wasi_unstable.path_create_directory
Emscripten,./index.js.__widl_f_set_class_name_Element
Emscripten,./js_framework_benchmark_simi.__wbg_getRandomValues_2f960218fce3a102
Emscripten,./https_everywhere_lib_wasm.__wbindgen_jsval_eq
Emscripten,./index.js.__widl_f_get_element_by_id_Document
Emscripten,./rust_webpack.__widl_f_read_as_array_buffer_FileReader
Emscripten,wasi_unstable.A
Emscripten,wbg.__wbg_get_003e1b80a63de7c5
Emscripten,wbg.__widl_f_create_element_Document
Emscripten,env.__cargo_web_snippet_7bead6b563d52eee65504adb6b76c5cacb5428d3
Emscripten,./js_framework_benchmark_simi.__widl_f_matches_Element
Emscripten,env.event_loop_new
Emscripten,env.logit
Emscripten,env.event_loop_raf
Emscripten,wbg.__widl_f_get_elements_by_tag_name_Document
Emscripten,wbg.__wbindgen_closure_wrapper126
Emscripten,env.__cargo_web_snippet_72fc447820458c720c68d0d8e078ede631edd723
Emscripten,env.__cargo_web_snippet_f91e3759ea8e40c15404c8b089c74fe76b61421e
Emscripten,wbg.__wbg_new_ed7079cf157e44d5
Emscripten,env.hello
Emscripten,wbg.__wbindgen_closure_wrapper122
Emscripten,env.__cargo_web_snippet_ec62bad51093fd25faa38be3170e100862e191f3
Emscripten,wbg.__wbindgen_throw
Emscripten,./wasm_bindgen_demo.__wbg_alert_c4b76dc346d3e6f7
Emscripten,wbg.__wbg_set_2c01beee50abda32
Emscripten,./rust_webpack.__widl_f_local_storage_Window
Emscripten,./index.js.__wbg_call_836fa928f74337e5
Emscripten,wbg.__widl_f_performance_Window
Emscripten,env.__cargo_web_snippet_62ef43cf95b12a9b5cdec1639439c972d6373280
Emscripten,wbg.__wbindgen_closure_wrapper133
Emscripten,wbg.__widl_instanceof_Window
Emscripten,./js_framework_benchmark_simi.__wbg_randomFillSync_355c3fcfa754fa4e
Emscripten,env.__cargo_web_snippet_ff5103e6cc179d13b4c7a785bdce2708fd559fc0
Emscripten,./rust_webpack.__wbindgen_rethrow
Emscripten,./https_everywhere_lib_wasm.__wbg_value_efc53c71db10c238
Emscripten,./rust_webpack.__wbg_request_782be487eaff692b
Emscripten,./rust_webpack.__wbg_error_cc95a3d302735ca3
Emscripten,wbg.__widl_f_location_Window
Emscripten,wbg.__wbg_new_2d6a830207834e5d
Emscripten,./rust_webpack.__widl_f_set_timeout_with_callback_and_timeout_and_arguments_0_Window
Emscripten,wbg.__wbg_length_adb683705527add7
Emscripten,./index.js.__widl_f_prevent_default_Event
Emscripten,./rust_webpack.__wbg_newwithbyteoffsetandlength_e1bb839b58ed223f
Emscripten,./js_framework_benchmark_simi.__widl_f_append_child_Node
Emscripten,./cardano_wallet_browser.__wbindgen_json_parse
Emscripten,./rust_webpack.__widl_f_click_HTMLElement
Emscripten,./rust_webpack.__widl_f_set_download_HTMLAnchorElement
Emscripten,wbg.__wbg_length_b6e0c5630f641946
Emscripten,./cardano_wallet_browser.__wbindgen_json_serialize
Emscripten,./rust_webpack.__wbg_call_c4231861d7360fd6
Emscripten,./index.js.__wbg_removechild_b47675f15e0460fd
Emscripten,env.__cargo_web_snippet_f03767d5868baf486b51c1e3988d0ce100e850ca
Emscripten,./index.js.__wbg_then_1469c8cdb2c56f2f
Emscripten,./rust_webpack.__widl_instanceof_Element
Emscripten,wasi_unstable.fd_readdir
Emscripten,./https_everywhere_lib_wasm.__wbg_values_e8a26a3eb612c7c3
Emscripten,env.__cargo_web_snippet_c954dd1aab8dac1357d1b982abe9869582f12683
Emscripten,wbg.__widl_f_get_context_HTMLCanvasElement
Emscripten,./index.js.__wbg_addclass_98f6d75340c883ab
Emscripten,./js_framework_benchmark_simi.__widl_f_class_list_Element
Emscripten,env.__cargo_web_snippet_614a3dd2adb7e9eac4a0ec6e59d37f87e0521c3b
Emscripten,./rust_webpack.__widl_f_add_event_listener_with_callback_EventTarget
Emscripten,./index.js.__wbg_createelement_362b6383204303eb
Emscripten,ctx.lineTo
Emscripten,env.__cargo_web_snippet_a152e8d0e8fac5476f30c1d19e4ab217dbcba73d
Emscripten,./rust_webpack.__widl_f_query_selector_Document
Emscripten,./js_framework_benchmark_simi.__wbindgen_is_symbol
Emscripten,./rust_webpack.__wbg_remove_2e13e07f0143ed2c
Emscripten,./https_everywhere_lib_wasm.__wbg_from_66ee95be4fef51b2
Emscripten,wbg.__widl_f_document_element_Document
Emscripten,./rust_webpack.__wbindgen_closure_wrapper261
Emscripten,./js_framework_benchmark_simi.__widl_f_add_1_DOMTokenList
Emscripten,env.__cargo_web_snippet_f765b15a1a1b5cd266e922e6fca98dd570f17edc
Emscripten,./index.js.__wbindgen_throw
Emscripten,wbg.__wbindgen_closure_wrapper73
Emscripten,./index.js.__wbindgen_closure_wrapper120
Emscripten,./cardano_wallet_browser.__wbindgen_object_drop_ref
Emscripten,env.__cargo_web_snippet_0da47658267a7497de743e1b0892f992ba6ca6ef
Emscripten,env.__cargo_web_snippet_d5e30f74cb752784e06bd97a37b1f89b6c3433a7
Emscripten,wbg.__widl_instanceof_CanvasRenderingContext2D
Emscripten,wbg.__widl_f_get_item_Storage
Emscripten,wbg.__wbindgen_closure_wrapper489
Emscripten,wbg.__widl_f_now_Performance
Emscripten,wbg.__wbindgen_closure_wrapper129
Emscripten,wbg.__wbg_eval_db021fde4456b657
Emscripten,./https_everywhere_lib_wasm.__wbg_new_acdbe9c25dc35c37
Emscripten,wasi_unstable.poll_oneoff
Emscripten,env.__cargo_web_snippet_3dd0b74074665f534a3d93d0ba1e78505fd94b66
Emscripten,./rust_webpack.__wbg_call_eae29933372a39be
Emscripten,./js_framework_benchmark_simi.__wbindgen_object_drop_ref
Emscripten,wbg.__wbindgen_closure_wrapper474
Emscripten,wasi_unstable.path_symlink
Emscripten,./index.js.__widl_f_get_attribute_Element
Emscripten,./https_everywhere_lib_wasm.__wbindgen_string_new
Emscripten,./cardano_wallet_browser.__wbindgen_string_new
Emscripten,wbg.__wbg_includes_ac97179ab4ffffc7
Emscripten,./rust_webpack.__wbindgen_closure_wrapper788
Emscripten,./rust_webpack.__widl_f_get_item_Storage
Emscripten,wbg.__widl_f_new_with_str_and_init_Request
Emscripten,wbg.__wbindgen_closure_wrapper120
Emscripten,./rust_webpack.__widl_f_replace_child_Node
Emscripten,wbg.__widl_f_length_HTMLCollection
Emscripten,./rust_webpack.__wbindgen_is_null
Emscripten,./rust_webpack.__widl_f_new_with_str_and_init_Request
Emscripten,./rust_webpack.__widl_f_item_NodeList
Emscripten,./index.js.__widl_f_next_sibling_Node
Emscripten,./js_framework_benchmark_simi.__wbg_newnoargs_6a80f84471205fc8
Emscripten,env.__cargo_web_snippet_97495987af1720d8a9a923fa4683a7b683e3acd6
Emscripten,./index.js.__widl_f_add_event_listener_with_callback_EventTarget
Emscripten,ctx.beginPath
Emscripten,Math.sin
Emscripten,wbg.__widl_f_url_Response
Emscripten,wbg.__wbg_call_fdde574e8abf6327
Emscripten,./index.js.__wbindgen_object_drop_ref
Emscripten,./rust_webpack.__wbg_set_f8046b3bf0f3406a
Emscripten,./https_everywhere_lib_wasm.__wbindgen_boolean_get
Emscripten,./rust_webpack.__wbindgen_closure_wrapper256
Emscripten,env.__cargo_web_snippet_199d5eb25dfe761687bcd487578eb7e636bd9650
Emscripten,./rust_webpack.__widl_f_remove_child_Node
Emscripten,wbg.__wbindgen_is_undefined
Emscripten,env.__cargo_web_snippet_8a049af1e4867892fca647811a9472e4c5832053
Emscripten,./rust_webpack.__wbg_getRandomValues_dc67302a7bd1aec5
Emscripten,./cardano_wallet_browser.__wbindgen_throw
Emscripten,./js_framework_benchmark_simi.__widl_f_clone_node_with_deep_Node
Emscripten,env.__cargo_web_snippet_f750c7bda400081b4d7209f43f9d59214d39f6ea
Emscripten,./rust_webpack.__wbg_call_f6ee70703ec77c6c
Emscripten,wbg.__widl_f_get_element_by_id_Document
Emscripten,wbg.__widl_f_local_storage_Window
Emscripten,wbg.__wbindgen_closure_wrapper137
Emscripten,./rust_webpack.__widl_f_get_element_by_id_Document
Emscripten,wbg.__wbindgen_closure_wrapper130
Emscripten,wbg.__wbg_self_73c7a601ff857345
Emscripten,env.__cargo_web_snippet_94e33648d125cd2293beaeb63deaf9dab113e844
Emscripten,./rust_webpack.__wbg_buffer_d415d67402fcacd5
Emscripten,env.__cargo_web_snippet_a1f43b583e011a9bbeae64030b81f677e6c29005
Emscripten,./rust_webpack.__widl_f_document_Window
Emscripten,./js_framework_benchmark_simi.__wbg_call_582b20dfcad7fee4
Emscripten,./js_framework_benchmark_simi.__widl_f_remove_1_DOMTokenList
Emscripten,env.__cargo_web_snippet_b3b1b707ff3ea1372d58c7b79fadbf6050b79b64
Emscripten,wbg.__widl_f_error_2_
Emscripten,wbg.__widl_f_hostname_Location
Emscripten,./rust_webpack.__wbg_newnoargs_862ffd91d0c97e88
Emscripten,wbg.__wbindgen_closure_wrapper1134
Emscripten,./https_everywhere_lib_wasm.__wbg_new_68180085d411e1be
Emscripten,wbg.__widl_f_remove_child_Node
Emscripten,env.__cargo_web_snippet_4d66721dd755374fa177d86d1c818bf74cc0be84
Emscripten,wbg.__wbg_call_04d7c0ad06df27c9
Emscripten,./index.js.__wbindgen_object_clone_ref
Emscripten,./index.js.__widl_f_class_list_Element
Emscripten,./https_everywhere_lib_wasm.__wbg_next_1dc1c12b3aad066e
Emscripten,./rust_webpack.__widl_f_target_Event
Emscripten,env.__cargo_web_snippet_906f13b1e97c3e6e6996c62d7584c4917315426d
Emscripten,./rust_webpack.__wbg_stack_4931b18709aff089
Emscripten,./rust_webpack.__widl_f_dataset_HTMLElement
Emscripten,./rust_webpack.__wbg_get_9136c910ad341873
Emscripten,wbg.__widl_f_set_fill_style_CanvasRenderingContext2D
Emscripten,wasi_unstable.B
Emscripten,./index.js.__wbindgen_string_new
Emscripten,wbg.__wbindgen_closure_wrapper1111
Emscripten,./index.js.__wbg_newnoargs_8d1797b163dbc9fb
Emscripten,env.__cargo_web_snippet_351b27505bc97d861c3914c20421b6277babb53b
Emscripten,./rust_webpack.__widl_f_get_FileList
Emscripten,wasi_unstable.I
Emscripten,./rust_webpack.__wbg_static_accessor_chrome_bb6f3a4b554d3593
Emscripten,./https_everywhere_lib_wasm.__wbindgen_is_string
Emscripten,./js_framework_benchmark_simi.__wbindgen_string_new
Emscripten,wasi_unstable.path_filestat_get
Emscripten,./rust_webpack.__wbg_encodeURIComponent_3d0193304408f78d
Emscripten,env.js_fill_rand
Emscripten,wbg.__wbindgen_number_new
Emscripten,./rust_webpack.__wbindgen_jsval_eq
Emscripten,env.__cargo_web_snippet_352943ae98b2eeb817e36305c3531d61c7e1a52b
Emscripten,ctx.stroke
Emscripten,wbg.__wbindgen_cb_forget
Emscripten,./js_framework_benchmark_simi.__wbindgen_boolean_get
Emscripten,./index.js.__wbindgen_closure_wrapper92
Emscripten,./rust_webpack.__widl_f_log_1_
Emscripten,./js_framework_benchmark_simi.__wbg_crypto_329b714d7e7d321d
Emscripten,wbg.__widl_f_line_to_CanvasRenderingContext2D
Emscripten,./https_everywhere_lib_wasm.__wbg_length_2a2c78eb761c69a1
Emscripten,./js_framework_benchmark_simi.__widl_f_target_Event
Emscripten,env.__cargo_web_snippet_46518012593da937dd5f35c2fc1c5e1dcade260b
Emscripten,./js_framework_benchmark_simi.__widl_f_query_selector_Element
Emscripten,env.__cargo_web_snippet_9f22d4ca7bc938409787341b7db181f8dd41e6df
Emscripten,wbg.__wbindgen_closure_wrapper135
Emscripten,wbg.__widl_f_restore_CanvasRenderingContext2D
Emscripten,wbg.__wbg_buffer_d31feadf69cb45fc
Emscripten,wbg.__wbindgen_boolean_get
Emscripten,./rust_webpack.__widl_f_set_onload_FileReader
Emscripten,./js_framework_benchmark_simi.__wbindgen_string_get
Emscripten,./rust_webpack.__wbg_randomFillSync_dd2297de5917c74e
Emscripten,./https_everywhere_lib_wasm.__wbindgen_debug_string
Emscripten,wbg.__widl_f_move_to_CanvasRenderingContext2D
Emscripten,wbg.__widl_f_get_random_values_with_u8_array_Crypto
Emscripten,./rust_webpack.__wbg_then_da08fd3391f05a8c
Emscripten,wbg.__wbg_construct_006890aeffd3c5ca
Emscripten,./https_everywhere_lib_wasm.__wbg_get_48d637c66043532c
Emscripten,env.__cargo_web_snippet_285aac3fba72d67cb459d37d4d21aa4fb62598ba
Emscripten,wasi_unstable.E
Emscripten,./js_framework_benchmark_simi.__widl_f_text_content_Node
Emscripten,./rust_webpack.__wbindgen_memory
Emscripten,./index.js.__widl_f_set_text_content_Node
Emscripten,./js_framework_benchmark_simi.__widl_f_remove_event_listener_with_callback_EventTarget
Emscripten,./rust_webpack.__widl_f_length_NodeList
Emscripten,wasi_unstable.K
Emscripten,wasi_unstable.random_get
Emscripten,wasi_unstable.l
Emscripten,wbg.__wbindgen_cb_drop
Emscripten,./js_framework_benchmark_simi.__widl_f_closest_Element
Emscripten,./rust_webpack.__widl_f_remove_attribute_Element
Emscripten,wbg.__wbg_now_4d770e8834dcad1c
Emscripten,wasi_unstable.fd_prestat_dir_name
Emscripten,./js_framework_benchmark_simi.__wbg_new_baf10398b0d0c64d
Emscripten,wbg.__widl_f_crypto_Window
Emscripten,./stringdist.__wbindgen_throw
Emscripten,./js_framework_benchmark_simi.__wbg_require_4a70cbfd3adc73a8
Emscripten,env.__cargo_web_snippet_da2febd72f9938d90bc2bf2905643f595b07abd9
Emscripten,./rust_webpack.__widl_f_visibility_state_Document
Emscripten,wbg.__wbg_length_7d181f10fc1fe14d
Emscripten,./rust_webpack.__wbg_new_0763112334e4d8dd
Emscripten,wbg.__wbindgen_closure_wrapper125
Emscripten,env.__cargo_web_snippet_cd41a77d0178ae27c833ef2950e5f1a48a1455c1
Emscripten,./rust_webpack.__widl_f_result_FileReader
Emscripten,./js_framework_benchmark_simi.__widl_f_set_inner_html_Element
Emscripten,env.__cargo_web_snippet_6bc2fd17ec363ef98d2b51edf91a221b12c51bab
Emscripten,./rust_webpack.__wbg_set_b11ab2f85bb06cfd
Emscripten,wasi_unstable.fd_fdstat_set_flags
Emscripten,./js_framework_benchmark_simi.__widl_f_remove_child_Node
Emscripten,wbg.__wbg_has_4c6784338d6c97e4
Emscripten,./rust_webpack.__widl_f_fetch_with_request_Window
Emscripten,./rust_webpack.__wbg_new_73c7b9beced23b50
Emscripten,./index.js.__widl_instanceof_HTMLElement
Emscripten,env.__cargo_web_snippet_d4e7bbbc593dd4ffbe97c262683c5a8447657985
Emscripten,env.__cargo_web_snippet_bb618d13cbb219642bd219af99ee1519e5658d77
Emscripten,wbg.__wbg_get_29e4778509052d58
Emscripten,wbg.__wbg_isArray_400c310267077da6
Emscripten,wbg.__wbg_window_ca735e04cb2b0566
Emscripten,env.__cargo_web_snippet_7c8dfab835dc8a552cd9d67f27d26624590e052c
Emscripten,./rust_webpack.__widl_f_text_Response
Emscripten,wbg.__widl_f_document_Window
Emscripten,wasi_unstable.clock_time_get
Emscripten,./rust_webpack.__widl_f_revoke_object_url_URL
Emscripten,wbg.__wbindgen_object_clone_ref
Emscripten,./index.js.__wbg_setattribute_38575b25fc9198f7
Emscripten,wbg.__widl_f_new_TextEncoder
Emscripten,./rust_webpack.__wbindgen_cb_forget
Emscripten,./rust_webpack.__wbg_then_02bd2de012e8afa8
Emscripten,./rust_webpack.__widl_f_create_element_Document
Emscripten,./https_everywhere_lib_wasm.__wbg_valueOf_c4ec2eaaa602f4f8
Emscripten,./https_everywhere_lib_wasm.__wbg_isArray_1ac2d66dd819d58a
Emscripten,wbg.__wbg_call_d86117a976521458
Emscripten,wbg.__wbg_newnoargs_6ad69a50998c5acb
Emscripten,./index.js.__widl_f_remove_Element
Emscripten,./rust_webpack.__wbindgen_object_clone_ref
Emscripten,wbg.__widl_f_new_TextDecoder
Emscripten,./rust_webpack.__wbindgen_string_new
Emscripten,./https_everywhere_lib_wasm.__wbg_push_60b55c9bdc824202
Emscripten,./rust_webpack.__widl_f_new_FileReader
Emscripten,./rust_webpack.__wbg_now_4f258c4df6468ada
Emscripten,wbg.__wbg_toString_60641a3eea23c1a9
Emscripten,wbg.__wbindgen_closure_wrapper127
Emscripten,./rust_webpack.__wbindgen_boolean_get
Emscripten,wbg.__wbindgen_closure_wrapper132
Emscripten,./rust_webpack.__widl_f_set_item_Storage
Emscripten,wbg.__widl_f_decode_with_u8_array_TextDecoder
Emscripten,./js_framework_benchmark_simi.__widl_f_document_Window
Emscripten,env.__cargo_web_snippet_cb392b71162553130760deeb3964fa828c078f74
Emscripten,wbg.__wbg_newwithargs_10def9c4239ab893
Emscripten,./rust_webpack.__wbg_buffer_8a74a93c17ac10c7
Emscripten,./index.js.__widl_f_contains_DOMTokenList
Emscripten,wbg.__wbindgen_closure_wrapper1369
Emscripten,env.__cargo_web_snippet_c023351d5bff43ef3dd317b499821cd4e71492f0
Emscripten,./index.js.__widl_f_first_child_Node
Emscripten,env.__cargo_web_snippet_de2896a7ccf316486788a4d0bc433c25d2f1a12b
Emscripten,env.__cargo_web_snippet_dc2fd915bd92f9e9c6a3bd15174f1414eee3dbaf
Emscripten,env.svg_set_path
Emscripten,./rust_webpack.__widl_f_set_title_Document
Emscripten,env.__cargo_web_snippet_e741b9d9071097746386b2c2ec044a2bc73e688c
Emscripten,./rust_webpack.__widl_f_query_selector_all_Element
Emscripten,env.__cargo_web_snippet_b06dde4acf09433b5190a4b001259fe5d4abcbc2
Emscripten,./rust_webpack.__widl_f_create_text_node_Document
Emscripten,./rust_webpack.__wbindgen_closure_wrapper259
Emscripten,wbg.__wbg_log_c66c2c6b2597d505
Emscripten,env.sin
Emscripten,env.a
Emscripten,wasi_unstable.fd_prestat_get
Emscripten,./https_everywhere_lib_wasm.__wbindgen_object_drop_ref
Emscripten,./rust_webpack.__widl_f_request_animation_frame_Window
Emscripten,wbg.__wbg_set_2aae8dbe165bf1a3
Emscripten,wbg.__widl_f_append_child_Node
Emscripten,wbg.__widl_f_ellipse_CanvasRenderingContext2D
Emscripten,./rust_webpack.__widl_f_remove_event_listener_with_callback_EventTarget
Emscripten,./index.js.__widl_f_insert_before_Node
Emscripten,./rust_webpack.__wbg_require_0993fe224bf8e202
Emscripten,./rust_webpack.__wbg_new_a99726b0abef495b
Emscripten,./rust_webpack.__widl_f_append_child_Node
Emscripten,env.mapping_callback
Emscripten,ctx.clearRect
Emscripten,./index.js.__wbg_insertchildbefore_88866440aac35d8f
Emscripten,wbg.__widl_f_text_Response
Emscripten,wbg.__wbindgen_is_function
Emscripten,env.__cargo_web_snippet_c580ae485906e2c96cc6404b6b740d1cd93971ea
Emscripten,wbg.__widl_instanceof_HTMLCanvasElement
Emscripten,./js_framework_benchmark_simi.__widl_instanceof_Window
Emscripten,./index.js.__wbg_resolve_3e3c14963c939fcd
Emscripten,wbg.__widl_f_navigator_Window
Emscripten,env.__cargo_web_snippet_690311d2f9134ac0983620c38a9e6460d4165607
Emscripten,./js_framework_benchmark_simi.__wbindgen_cb_drop
Emscripten,./rust_webpack.__wbindgen_cb_drop
Emscripten,./js_framework_benchmark_simi.__widl_f_create_text_node_Document
Emscripten,./rust_webpack.__wbg_crypto_e95a6e54c5c2e37f
Emscripten,wbg.__widl_f_inner_html_Element
Emscripten,wbg.__wbindgen_is_null
Emscripten,./rust_webpack.__wbg_getRandomValues_02639197c8166a96
Emscripten,env.__cargo_web_snippet_6fcce0aae651e2d748e085ff1f800f87625ff8c8
Emscripten,./index.js.__wbg_addevent_c565d8397d798f9b
Emscripten,wbg.__wbindgen_object_drop_ref
Emscripten,./rust_webpack.__wbg_new_2e04ae3e39e1f9bf
Emscripten,./index.js.__widl_f_set_attribute_Element
Emscripten,./index.js.__wbg_getat_93cbb0856a23a2bc
Emscripten,./js_framework_benchmark_simi.__wbindgen_throw
Emscripten,./js_framework_benchmark_simi.__widl_f_error_1_
Emscripten,wbg.__wbg_globalThis_36c1f2e85948e420
Emscripten,./js_framework_benchmark_simi.__wbindgen_closure_wrapper402
Emscripten,env.__cargo_web_snippet_0aced9e2351ced72f1ff99645a129132b16c0d3c
Emscripten,./https_everywhere_lib_wasm.__wbg_new_d8ff5ee3f007cfae
Emscripten,./rust_webpack.__wbindgen_object_drop_ref
Emscripten,./index.js.__widl_f_id_Element
Emscripten,env.__cargo_web_snippet_85b9ecbdb8513465b790546acfd0cd530441b8a4
Emscripten,wbg.__widl_f_item_HTMLCollection
Emscripten,wbg.__wbg_global_99312a595fd2e761
Emscripten,./rust_webpack.__wbindgen_json_parse
Emscripten,./https_everywhere_lib_wasm.__wbg_set_8866dbb36cf947cb
Emscripten,./rust_webpack.__widl_f_new_with_u8_array_sequence_and_options_Blob
Emscripten,wbg.__wbg_random_09364f2d8647f133
Emscripten,wbg.__wbg_toString_c663742ecc5b25ea
Emscripten,env.cos
Emscripten,./rust_webpack.__widl_f_set_onvisibilitychange_Document
Emscripten,./js_framework_benchmark_simi.__widl_instanceof_Element
Emscripten,wasi_unstable.path_remove_directory
Emscripten,./rust_webpack.__widl_instanceof_Window
Emscripten,./rust_webpack.__wbg_new_eed4009beab03e81
Emscripten,env.__cargo_web_snippet_8545f3ba2883a49a2afd23c48c5d24ef3f9b0071
Emscripten,wbg.__wbindgen_closure_wrapper139
Emscripten,wbg.__wbg_then_0fe88013efbd2711
Emscripten,env.__cargo_web_snippet_09675c7ed2827e045dc760aeac3d286437cfbe5e
Emscripten,./rust_webpack.__widl_f_set_href_HTMLLinkElement
Emscripten,./index.js.__wbg_settextcontent_41d94df0242539e0
Emscripten,./index.js.__wbg_random_4eec15c1337c828c
Emscripten,./js_framework_benchmark_simi.__widl_f_add_event_listener_with_callback_EventTarget
Emscripten,env.__cargo_web_snippet_c26ddf75f581148e029dfcd95c037bb50d502e43
Emscripten,./index.js.__wbindgen_closure_wrapper60
Emscripten,./index.js.__widl_f_parent_element_Node
Emscripten,./rust_webpack.__widl_f_child_nodes_Node
Emscripten,wbg.__widl_f_fill_CanvasRenderingContext2D
Emscripten,wbg.__wbindgen_is_string
Emscripten,./js_framework_benchmark_simi.__wbindgen_is_null
Emscripten,./rust_webpack.__wbg_length_f74e28a8e08f33fb
Emscripten,wbg.__widl_f_fetch_with_request_Window
Emscripten,env.__cargo_web_snippet_ab05f53189dacccf2d365ad26daa407d4f7abea9
Emscripten,./rust_webpack.__wbindgen_debug_string
Emscripten,wbg.__wbg_new_f802c5ff9d449d95
Emscripten,wasi_unstable.path_unlink_file
Emscripten,wbg.__wbindgen_memory
Emscripten,wbg.__widl_f_fill_text_CanvasRenderingContext2D
Emscripten,wbg.__widl_f_origin_Location
Emscripten,./rust_webpack.__wbindgen_throw
Emscripten,./js_framework_benchmark_simi.__wbg_call_173f04c850a68d5f
Emscripten,env.__cargo_web_snippet_6a77b2f2accec26fefbfa0d864061d26f40f8f6f
Emscripten,./rust_webpack.__widl_f_set_files_HTMLInputElement
Emscripten,./rust_webpack.__widl_f_key_KeyboardEvent
Emscripten,./https_everywhere_lib_wasm.__wbindgen_throw
Emscripten,wbg.__wbindgen_closure_wrapper124
Emscripten,wasi_unstable.fd_filestat_get
Emscripten,wbg.__wbindgen_closure_wrapper131
Emscripten,wbg.__widl_f_set_global_alpha_CanvasRenderingContext2D
Emscripten,wbg.__wbindgen_closure_wrapper1384
Emscripten,./rust_webpack.__wbg_permissions_edcfb915171daf62
Emscripten,./index.js.__widl_f_target_Event
Emscripten,env.__cargo_web_snippet_9bb69d8170fbce892ba4900d8824aa142e63adf6
Emscripten,env.it_works
Emscripten,./rust_webpack.__wbg_resolve_ba2abfe8fd26aa18
Emscripten,./index.js.__widl_instanceof_Window
Emscripten,./index.js.__wbindgen_cb_forget
Emscripten,wbg.__wbg_set_0718caf2a62a5c4f
Emscripten,./rust_webpack.__wbg_self_e0b3266d2d9eba1a
Emscripten,./index.js.__wbg_replacechild_c03cdfc26975e8db
